-- 自动生成的初始化数据，请勿手工零散修改
USE `hrms`;

INSERT INTO `hr_salary_template` (`id`, `template_name`, `template_code`, `scope_type`, `scope_value`, `effective_date`, `status`, `create_by`, `create_time`, `update_by`, `update_time`, `is_deleted`, `version`, `remark`) VALUES
(4001, '职能岗位月薪账套', 'SAL-TPL-FUNC', 'DEPT', '2001,2101,2102', '2026-01-01', 1, 1, '2026-01-01 09:00:00', 1, '2026-01-01 09:00:00', 0, 0, '职能中心账套'),
(4002, '研发岗位月薪账套', 'SAL-TPL-RD', 'DEPT', '2002,2103,2104', '2026-01-01', 1, 1, '2026-01-01 09:00:00', 1, '2026-01-01 09:00:00', 0, 0, '研发中心账套'),
(4003, '运营岗位月薪账套', 'SAL-TPL-OPS', 'DEPT', '2003,2105,2106', '2026-01-01', 1, 1, '2026-01-01 09:00:00', 1, '2026-01-01 09:00:00', 0, 0, '运营中心账套'),
(4004, '管理岗位月薪账套', 'SAL-TPL-MGR', 'ALL', NULL, '2026-01-01', 1, 1, '2026-01-01 09:00:00', 1, '2026-01-01 09:00:00', 0, 0, '管理岗位账套')
ON DUPLICATE KEY UPDATE `template_name` = VALUES(`template_name`), `scope_type` = VALUES(`scope_type`), `scope_value` = VALUES(`scope_value`), `effective_date` = VALUES(`effective_date`), `status` = VALUES(`status`), `remark` = VALUES(`remark`), `update_by` = VALUES(`update_by`), `update_time` = VALUES(`update_time`), `is_deleted` = VALUES(`is_deleted`);

INSERT INTO `hr_salary_template_item` (`id`, `template_id`, `item_code`, `item_name`, `category`, `calc_rule`, `default_value`, `sort_no`, `create_by`, `create_time`, `update_by`, `update_time`, `is_deleted`) VALUES
(41001, 4001, 'BASE_SALARY', '基本工资', 'INCOME', 'profile.baseSalary', 0.00, 10, 1, '2026-01-01 09:00:00', 1, '2026-01-01 09:00:00', 0),
(41002, 4001, 'ALLOWANCE', '岗位津贴', 'INCOME', 'profile.allowance', 0.00, 20, 1, '2026-01-01 09:00:00', 1, '2026-01-01 09:00:00', 0),
(41003, 4001, 'PERFORMANCE', '绩效奖金', 'INCOME', 'profile.performanceBase', 0.00, 30, 1, '2026-01-01 09:00:00', 1, '2026-01-01 09:00:00', 0),
(41004, 4001, 'OVERTIME_PAY', '加班费', 'INCOME', 'attendance.overtimeHours * 60', 0.00, 40, 1, '2026-01-01 09:00:00', 1, '2026-01-01 09:00:00', 0),
(41005, 4001, 'LATE_DEDUCTION', '迟到扣款', 'DEDUCTION', 'attendance.lateCount * 50', 0.00, 50, 1, '2026-01-01 09:00:00', 1, '2026-01-01 09:00:00', 0),
(41006, 4001, 'LEAVE_DEDUCTION', '请假扣款', 'DEDUCTION', 'baseSalary / 21.75 * leaveDays', 0.00, 60, 1, '2026-01-01 09:00:00', 1, '2026-01-01 09:00:00', 0),
(41007, 4001, 'SOCIAL_INSURANCE', '社保个人部分', 'DEDUCTION', 'socialInsuranceBase * 0.08', 0.00, 70, 1, '2026-01-01 09:00:00', 1, '2026-01-01 09:00:00', 0),
(41008, 4001, 'HOUSING_FUND', '公积金个人部分', 'DEDUCTION', 'housingFundBase * 0.07', 0.00, 80, 1, '2026-01-01 09:00:00', 1, '2026-01-01 09:00:00', 0),
(41009, 4001, 'INCOME_TAX', '个人所得税', 'DEDUCTION', 'simpleTax', 0.00, 90, 1, '2026-01-01 09:00:00', 1, '2026-01-01 09:00:00', 0),
(41010, 4002, 'BASE_SALARY', '基本工资', 'INCOME', 'profile.baseSalary', 0.00, 10, 1, '2026-01-01 09:00:00', 1, '2026-01-01 09:00:00', 0),
(41011, 4002, 'ALLOWANCE', '岗位津贴', 'INCOME', 'profile.allowance', 0.00, 20, 1, '2026-01-01 09:00:00', 1, '2026-01-01 09:00:00', 0),
(41012, 4002, 'PERFORMANCE', '绩效奖金', 'INCOME', 'profile.performanceBase', 0.00, 30, 1, '2026-01-01 09:00:00', 1, '2026-01-01 09:00:00', 0),
(41013, 4002, 'OVERTIME_PAY', '加班费', 'INCOME', 'attendance.overtimeHours * 60', 0.00, 40, 1, '2026-01-01 09:00:00', 1, '2026-01-01 09:00:00', 0),
(41014, 4002, 'LATE_DEDUCTION', '迟到扣款', 'DEDUCTION', 'attendance.lateCount * 50', 0.00, 50, 1, '2026-01-01 09:00:00', 1, '2026-01-01 09:00:00', 0),
(41015, 4002, 'LEAVE_DEDUCTION', '请假扣款', 'DEDUCTION', 'baseSalary / 21.75 * leaveDays', 0.00, 60, 1, '2026-01-01 09:00:00', 1, '2026-01-01 09:00:00', 0),
(41016, 4002, 'SOCIAL_INSURANCE', '社保个人部分', 'DEDUCTION', 'socialInsuranceBase * 0.08', 0.00, 70, 1, '2026-01-01 09:00:00', 1, '2026-01-01 09:00:00', 0),
(41017, 4002, 'HOUSING_FUND', '公积金个人部分', 'DEDUCTION', 'housingFundBase * 0.07', 0.00, 80, 1, '2026-01-01 09:00:00', 1, '2026-01-01 09:00:00', 0),
(41018, 4002, 'INCOME_TAX', '个人所得税', 'DEDUCTION', 'simpleTax', 0.00, 90, 1, '2026-01-01 09:00:00', 1, '2026-01-01 09:00:00', 0),
(41019, 4003, 'BASE_SALARY', '基本工资', 'INCOME', 'profile.baseSalary', 0.00, 10, 1, '2026-01-01 09:00:00', 1, '2026-01-01 09:00:00', 0),
(41020, 4003, 'ALLOWANCE', '岗位津贴', 'INCOME', 'profile.allowance', 0.00, 20, 1, '2026-01-01 09:00:00', 1, '2026-01-01 09:00:00', 0),
(41021, 4003, 'PERFORMANCE', '绩效奖金', 'INCOME', 'profile.performanceBase', 0.00, 30, 1, '2026-01-01 09:00:00', 1, '2026-01-01 09:00:00', 0),
(41022, 4003, 'OVERTIME_PAY', '加班费', 'INCOME', 'attendance.overtimeHours * 60', 0.00, 40, 1, '2026-01-01 09:00:00', 1, '2026-01-01 09:00:00', 0),
(41023, 4003, 'LATE_DEDUCTION', '迟到扣款', 'DEDUCTION', 'attendance.lateCount * 50', 0.00, 50, 1, '2026-01-01 09:00:00', 1, '2026-01-01 09:00:00', 0),
(41024, 4003, 'LEAVE_DEDUCTION', '请假扣款', 'DEDUCTION', 'baseSalary / 21.75 * leaveDays', 0.00, 60, 1, '2026-01-01 09:00:00', 1, '2026-01-01 09:00:00', 0),
(41025, 4003, 'SOCIAL_INSURANCE', '社保个人部分', 'DEDUCTION', 'socialInsuranceBase * 0.08', 0.00, 70, 1, '2026-01-01 09:00:00', 1, '2026-01-01 09:00:00', 0),
(41026, 4003, 'HOUSING_FUND', '公积金个人部分', 'DEDUCTION', 'housingFundBase * 0.07', 0.00, 80, 1, '2026-01-01 09:00:00', 1, '2026-01-01 09:00:00', 0),
(41027, 4003, 'INCOME_TAX', '个人所得税', 'DEDUCTION', 'simpleTax', 0.00, 90, 1, '2026-01-01 09:00:00', 1, '2026-01-01 09:00:00', 0),
(41028, 4004, 'BASE_SALARY', '基本工资', 'INCOME', 'profile.baseSalary', 0.00, 10, 1, '2026-01-01 09:00:00', 1, '2026-01-01 09:00:00', 0),
(41029, 4004, 'ALLOWANCE', '岗位津贴', 'INCOME', 'profile.allowance', 0.00, 20, 1, '2026-01-01 09:00:00', 1, '2026-01-01 09:00:00', 0),
(41030, 4004, 'PERFORMANCE', '绩效奖金', 'INCOME', 'profile.performanceBase', 0.00, 30, 1, '2026-01-01 09:00:00', 1, '2026-01-01 09:00:00', 0),
(41031, 4004, 'OVERTIME_PAY', '加班费', 'INCOME', 'attendance.overtimeHours * 60', 0.00, 40, 1, '2026-01-01 09:00:00', 1, '2026-01-01 09:00:00', 0),
(41032, 4004, 'LATE_DEDUCTION', '迟到扣款', 'DEDUCTION', 'attendance.lateCount * 50', 0.00, 50, 1, '2026-01-01 09:00:00', 1, '2026-01-01 09:00:00', 0),
(41033, 4004, 'LEAVE_DEDUCTION', '请假扣款', 'DEDUCTION', 'baseSalary / 21.75 * leaveDays', 0.00, 60, 1, '2026-01-01 09:00:00', 1, '2026-01-01 09:00:00', 0),
(41034, 4004, 'SOCIAL_INSURANCE', '社保个人部分', 'DEDUCTION', 'socialInsuranceBase * 0.08', 0.00, 70, 1, '2026-01-01 09:00:00', 1, '2026-01-01 09:00:00', 0),
(41035, 4004, 'HOUSING_FUND', '公积金个人部分', 'DEDUCTION', 'housingFundBase * 0.07', 0.00, 80, 1, '2026-01-01 09:00:00', 1, '2026-01-01 09:00:00', 0),
(41036, 4004, 'INCOME_TAX', '个人所得税', 'DEDUCTION', 'simpleTax', 0.00, 90, 1, '2026-01-01 09:00:00', 1, '2026-01-01 09:00:00', 0)
ON DUPLICATE KEY UPDATE `template_id` = VALUES(`template_id`), `item_name` = VALUES(`item_name`), `category` = VALUES(`category`), `calc_rule` = VALUES(`calc_rule`), `default_value` = VALUES(`default_value`), `sort_no` = VALUES(`sort_no`), `update_by` = VALUES(`update_by`), `update_time` = VALUES(`update_time`), `is_deleted` = VALUES(`is_deleted`);

INSERT INTO `hr_employee_salary_profile` (`id`, `employee_id`, `template_id`, `base_salary`, `allowance`, `performance_base`, `social_insurance_base`, `housing_fund_base`, `bank_name`, `bank_account`, `effective_date`, `create_by`, `create_time`, `update_by`, `update_time`, `is_deleted`, `version`, `remark`) VALUES
(43001, 21001, 4001, 10500, 840.00, 1050.00, 10500, 10500, '中国工商银行', '62220202020200021001', '2026-01-01', 1, '2026-01-01 09:00:00', 1, '2026-01-01 09:00:00', 0, 0, '林晓彤薪资档案'),
(43002, 21002, 4001, 12800, 1024.00, 1280.00, 12800, 12800, '中国工商银行', '62220202020200021002', '2026-01-01', 1, '2026-01-01 09:00:00', 1, '2026-01-01 09:00:00', 0, 0, '周雅宁薪资档案'),
(43003, 21003, 4001, 15500, 1240.00, 1550.00, 15500, 15500, '中国工商银行', '62220202020200021003', '2026-01-01', 1, '2026-01-01 09:00:00', 1, '2026-01-01 09:00:00', 0, 0, '何思远薪资档案'),
(43004, 21004, 4001, 18800, 1504.00, 1880.00, 18800, 18800, '中国工商银行', '62220202020200021004', '2026-01-01', 1, '2026-01-01 09:00:00', 1, '2026-01-01 09:00:00', 0, 0, '许清妍薪资档案'),
(43005, 21005, 4001, 22800, 1824.00, 2280.00, 22800, 22800, '中国工商银行', '62220202020200021005', '2026-01-01', 1, '2026-01-01 09:00:00', 1, '2026-01-01 09:00:00', 0, 0, '苏瑾瑜薪资档案'),
(43006, 22001, 4004, 32000, 2560.00, 4800.00, 32000, 32000, '中国工商银行', '62220202020200022001', '2026-01-01', 1, '2026-01-01 09:00:00', 1, '2026-01-01 09:00:00', 0, 0, '陈景川薪资档案'),
(43007, 22002, 4004, 38000, 3040.00, 5700.00, 38000, 38000, '中国工商银行', '62220202020200022002', '2026-01-01', 1, '2026-01-01 09:00:00', 1, '2026-01-01 09:00:00', 0, 0, '季若凡薪资档案'),
(43008, 22003, 4004, 46000, 3680.00, 6900.00, 46000, 46000, '中国工商银行', '62220202020200022003', '2026-01-01', 1, '2026-01-01 09:00:00', 1, '2026-01-01 09:00:00', 0, 0, '程沐阳薪资档案'),
(43009, 22004, 4004, 38000, 3040.00, 5700.00, 38000, 38000, '中国工商银行', '62220202020200022004', '2026-01-01', 1, '2026-01-01 09:00:00', 1, '2026-01-01 09:00:00', 0, 0, '高承泽薪资档案'),
(43010, 22005, 4004, 32000, 2560.00, 4800.00, 32000, 32000, '中国工商银行', '62220202020200022005', '2026-01-01', 1, '2026-01-01 09:00:00', 1, '2026-01-01 09:00:00', 0, 0, '孟知远薪资档案'),
(43011, 23001, 4001, 12800, 1024.00, 1280.00, 12800, 12800, '招商银行', '62220202020200023001', '2026-01-01', 1, '2026-01-01 09:00:00', 1, '2026-01-01 09:00:00', 0, 0, '沈嘉禾薪资档案'),
(43012, 23002, 4001, 15500, 1240.00, 1550.00, 15500, 15500, '招商银行', '62220202020200023002', '2026-01-01', 1, '2026-01-01 09:00:00', 1, '2026-01-01 09:00:00', 0, 0, '顾明哲薪资档案'),
(43013, 23003, 4001, 18800, 1504.00, 1880.00, 18800, 18800, '招商银行', '62220202020200023003', '2026-01-01', 1, '2026-01-01 09:00:00', 1, '2026-01-01 09:00:00', 0, 0, '唐诗雨薪资档案'),
(43014, 23004, 4001, 22800, 1824.00, 2280.00, 22800, 22800, '招商银行', '62220202020200023004', '2026-01-01', 1, '2026-01-01 09:00:00', 1, '2026-01-01 09:00:00', 0, 0, '韩亦辰薪资档案'),
(43015, 23005, 4001, 26800, 2144.00, 2680.00, 26800, 26800, '招商银行', '62220202020200023005', '2026-01-01', 1, '2026-01-01 09:00:00', 1, '2026-01-01 09:00:00', 0, 0, '陆星河薪资档案'),
(43016, 24001, 4002, 6000, 600.00, 600.00, 6000, 6000, '招商银行', '62220202020200024001', '2026-01-01', 1, '2026-01-01 09:00:00', 1, '2026-01-01 09:00:00', 0, 0, '赵一诺薪资档案'),
(43017, 24002, 4002, 7200, 720.00, 720.00, 7200, 7200, '招商银行', '62220202020200024002', '2026-01-01', 1, '2026-01-01 09:00:00', 1, '2026-01-01 09:00:00', 0, 0, '钱子睿薪资档案'),
(43018, 24003, 4002, 8800, 880.00, 880.00, 8800, 8800, '招商银行', '62220202020200024003', '2026-01-01', 1, '2026-01-01 09:00:00', 1, '2026-01-01 09:00:00', 0, 0, '孙可心薪资档案'),
(43019, 24004, 4002, 10500, 1050.00, 1050.00, 10500, 10500, '招商银行', '62220202020200024004', '2026-01-01', 1, '2026-01-01 09:00:00', 1, '2026-01-01 09:00:00', 0, 0, '李辰皓薪资档案'),
(43020, 24005, 4003, 12800, 1024.00, 1280.00, 12800, 12800, '招商银行', '62220202020200024005', '2026-01-01', 1, '2026-01-01 09:00:00', 1, '2026-01-01 09:00:00', 0, 0, '吴沐宸薪资档案'),
(43021, 24006, 4003, 15500, 1240.00, 1550.00, 15500, 15500, '招商银行', '62220202020200024006', '2026-01-01', 1, '2026-01-01 09:00:00', 1, '2026-01-01 09:00:00', 0, 0, '郑雨桐薪资档案'),
(43022, 24007, 4003, 18800, 1504.00, 1880.00, 18800, 18800, '招商银行', '62220202020200024007', '2026-01-01', 1, '2026-01-01 09:00:00', 1, '2026-01-01 09:00:00', 0, 0, '王书言薪资档案'),
(43023, 24008, 4003, 7200, 576.00, 720.00, 7200, 7200, '招商银行', '62220202020200024008', '2026-01-01', 1, '2026-01-01 09:00:00', 1, '2026-01-01 09:00:00', 0, 0, '冯嘉琪薪资档案'),
(43024, 24009, 4003, 8800, 704.00, 880.00, 8800, 8800, '招商银行', '62220202020200024009', '2026-01-01', 1, '2026-01-01 09:00:00', 1, '2026-01-01 09:00:00', 0, 0, '褚逸凡薪资档案'),
(43025, 24010, 4002, 10500, 1050.00, 1050.00, 10500, 10500, '招商银行', '62220202020200024010', '2026-01-01', 1, '2026-01-01 09:00:00', 1, '2026-01-01 09:00:00', 0, 0, '卫清荷薪资档案')
ON DUPLICATE KEY UPDATE `template_id` = VALUES(`template_id`), `base_salary` = VALUES(`base_salary`), `allowance` = VALUES(`allowance`), `performance_base` = VALUES(`performance_base`), `social_insurance_base` = VALUES(`social_insurance_base`), `housing_fund_base` = VALUES(`housing_fund_base`), `bank_name` = VALUES(`bank_name`), `bank_account` = VALUES(`bank_account`), `effective_date` = VALUES(`effective_date`), `update_by` = VALUES(`update_by`), `update_time` = VALUES(`update_time`), `is_deleted` = VALUES(`is_deleted`), `remark` = VALUES(`remark`);


INSERT INTO `hr_salary_batch` (`id`, `batch_no`, `salary_month`, `scope_type`, `scope_value`, `batch_status`, `approval_instance_id`, `total_count`, `total_gross_salary`, `total_net_salary`, `yellow_warning_count`, `red_warning_count`, `block_count`, `create_by`, `create_time`, `update_by`, `update_time`, `is_deleted`, `version`) VALUES
(44001, 'SAL-202601-FULL', '2026-01', 'ALL', NULL, 'RELEASED', 930001, 25, 568613.30, 420012.36, 11, 1, 0, 1, '2026-02-01 09:00:00', 1, '2026-02-01 09:00:00', 0, 0),
(44002, 'SAL-202602-FULL', '2026-02', 'ALL', NULL, 'RELEASED', 930002, 25, 569296.70, 419981.52, 12, 1, 0, 1, '2026-03-01 09:00:00', 1, '2026-03-01 09:00:00', 0, 0),
(44003, 'SAL-202603-FULL', '2026-03', 'ALL', NULL, 'RELEASED', 930003, 25, 568904.00, 419186.13, 13, 1, 0, 1, '2026-04-01 09:00:00', 1, '2026-04-01 09:00:00', 0, 0),
(44004, 'SAL-202604-FULL', '2026-04', 'ALL', NULL, 'RELEASED', 930004, 25, 569035.10, 419623.15, 12, 1, 0, 1, '2026-05-01 09:00:00', 1, '2026-05-01 09:00:00', 0, 0),
(44005, 'SAL-202605-FULL', '2026-05', 'ALL', NULL, 'RELEASED', 930005, 25, 568596.20, 420017.80, 11, 1, 0, 1, '2026-06-01 09:00:00', 1, '2026-06-01 09:00:00', 0, 0),
(44006, 'SAL-202606-FULL', '2026-06', 'ALL', NULL, 'RELEASED', 930006, 25, 569281.70, 419947.30, 12, 1, 0, 1, '2026-07-01 09:00:00', 1, '2026-07-01 09:00:00', 0, 0),
(44007, 'SAL-202607-FULL', '2026-07', 'ALL', NULL, 'APPROVED', 930007, 25, 568960.40, 419264.65, 13, 1, 0, 1, '2026-07-15 10:00:00', 1, '2026-07-15 10:00:00', 0, 0)
ON DUPLICATE KEY UPDATE `batch_status` = VALUES(`batch_status`), `approval_instance_id` = VALUES(`approval_instance_id`), `total_count` = VALUES(`total_count`), `total_gross_salary` = VALUES(`total_gross_salary`), `total_net_salary` = VALUES(`total_net_salary`), `yellow_warning_count` = VALUES(`yellow_warning_count`), `red_warning_count` = VALUES(`red_warning_count`), `block_count` = VALUES(`block_count`), `update_by` = VALUES(`update_by`), `update_time` = VALUES(`update_time`), `is_deleted` = VALUES(`is_deleted`);

INSERT INTO `hr_salary_batch_item` (`id`, `batch_id`, `employee_id`, `base_salary`, `allowance`, `performance_bonus`, `overtime_pay`, `late_deduction`, `leave_deduction`, `social_insurance`, `housing_fund`, `income_tax`, `gross_salary`, `deduction_total`, `net_salary`, `warning_level`, `warning_reason`, `create_time`, `update_time`) VALUES
(45001, 44001, 21001, 10500.00, 840.00, 997.50, 360.00, 0.00, 0.00, 840.00, 735.00, 612.25, 12697.50, 2187.25, 10510.25, NULL, NULL, '2026-02-01 09:00:00', '2026-02-01 09:00:00'),
(45002, 44001, 21002, 12800.00, 1024.00, 1331.20, 0.00, 0.00, 294.25, 1024.00, 896.00, 794.10, 15155.20, 3008.35, 12146.85, NULL, NULL, '2026-02-01 09:00:00', '2026-02-01 09:00:00'),
(45003, 44001, 21003, 15500.00, 1240.00, 1426.00, 120.00, 0.00, 712.64, 1240.00, 1085.00, 1024.84, 18286.00, 4062.48, 14223.52, 'YELLOW', '请假扣款偏高', '2026-02-01 09:00:00', '2026-02-01 09:00:00'),
(45004, 44001, 21004, 18800.00, 1504.00, 1898.80, 240.00, 50.00, 1296.55, 1504.00, 1316.00, 2655.25, 22442.80, 6821.80, 15621.00, 'YELLOW', '请假扣款偏高', '2026-02-01 09:00:00', '2026-02-01 09:00:00'),
(45005, 44001, 21005, 22800.00, 1824.00, 2508.00, 360.00, 0.00, 0.00, 1824.00, 1596.00, 3814.40, 27492.00, 7234.40, 20257.60, NULL, NULL, '2026-02-01 09:00:00', '2026-02-01 09:00:00'),
(45006, 44001, 22001, 32000.00, 2560.00, 4704.00, 0.00, 0.00, 735.63, 2560.00, 2240.00, 5745.67, 39264.00, 11281.30, 27982.70, NULL, NULL, '2026-02-01 09:00:00', '2026-02-01 09:00:00'),
(45007, 44001, 22002, 38000.00, 3040.00, 6099.00, 120.00, 0.00, 1747.13, 3040.00, 2660.00, 6962.37, 47259.00, 14409.50, 32849.50, 'YELLOW', '请假扣款偏高', '2026-02-01 09:00:00', '2026-02-01 09:00:00'),
(45008, 44001, 22003, 46000.00, 3680.00, 6555.00, 240.00, 0.00, 3172.41, 3680.00, 3220.00, 8280.52, 56475.00, 18352.93, 38122.07, 'YELLOW', '请假扣款偏高', '2026-02-01 09:00:00', '2026-02-01 09:00:00'),
(45009, 44001, 22004, 38000.00, 3040.00, 5928.00, 360.00, 50.00, 0.00, 3040.00, 2660.00, 7315.60, 47328.00, 13065.60, 34262.40, NULL, NULL, '2026-02-01 09:00:00', '2026-02-01 09:00:00'),
(45010, 44001, 22005, 32000.00, 2560.00, 4416.00, 0.00, 100.00, 735.63, 2560.00, 2240.00, 5668.07, 38976.00, 11303.70, 27672.30, NULL, NULL, '2026-02-01 09:00:00', '2026-02-01 09:00:00'),
(45011, 44001, 23001, 12800.00, 1024.00, 1292.80, 120.00, 0.00, 588.51, 1024.00, 896.00, 772.83, 15236.80, 3281.34, 11955.46, 'YELLOW', '请假扣款偏高', '2026-02-01 09:00:00', '2026-02-01 09:00:00'),
(45012, 44001, 23002, 15500.00, 1240.00, 1705.00, 240.00, 0.00, 1068.97, 1240.00, 1085.00, 1029.10, 18685.00, 4423.07, 14261.93, 'YELLOW', '请假扣款偏高', '2026-02-01 09:00:00', '2026-02-01 09:00:00'),
(45013, 44001, 23003, 18800.00, 1504.00, 1842.40, 360.00, 0.00, 0.00, 1504.00, 1316.00, 2937.28, 22506.40, 5757.28, 16749.12, NULL, NULL, '2026-02-01 09:00:00', '2026-02-01 09:00:00'),
(45014, 44001, 23004, 22800.00, 1824.00, 2439.60, 0.00, 50.00, 524.14, 1824.00, 1596.00, 3613.89, 27063.60, 7608.03, 19455.57, NULL, NULL, '2026-02-01 09:00:00', '2026-02-01 09:00:00'),
(45015, 44001, 23005, 26800.00, 2144.00, 2546.00, 120.00, 0.00, 1232.18, 2144.00, 1876.00, 4271.56, 31610.00, 9523.74, 22086.26, 'YELLOW', '请假扣款偏高', '2026-02-01 09:00:00', '2026-02-01 09:00:00'),
(45016, 44001, 24001, 6000.00, 600.00, 624.00, 240.00, 0.00, 413.79, 480.00, 420.00, 34.51, 7464.00, 1348.30, 6115.70, 'RED', '实发工资偏低', '2026-02-01 09:00:00', '2026-02-01 09:00:00'),
(45017, 44001, 24002, 7200.00, 720.00, 662.40, 360.00, 0.00, 0.00, 576.00, 504.00, 85.87, 8942.40, 1165.87, 7776.53, NULL, NULL, '2026-02-01 09:00:00', '2026-02-01 09:00:00'),
(45018, 44001, 24003, 8800.00, 880.00, 888.80, 0.00, 0.00, 202.30, 704.00, 616.00, 404.65, 10568.80, 1926.95, 8641.85, NULL, NULL, '2026-02-01 09:00:00', '2026-02-01 09:00:00'),
(45019, 44001, 24004, 10500.00, 1050.00, 1155.00, 120.00, 50.00, 482.76, 840.00, 735.00, 571.72, 12825.00, 2679.48, 10145.52, 'YELLOW', '请假扣款偏高', '2026-02-01 09:00:00', '2026-02-01 09:00:00'),
(45020, 44001, 24005, 12800.00, 1024.00, 1254.40, 240.00, 0.00, 882.76, 1024.00, 896.00, 751.56, 15318.40, 3554.32, 11764.08, 'YELLOW', '请假扣款偏高', '2026-02-01 09:00:00', '2026-02-01 09:00:00'),
(45021, 44001, 24006, 15500.00, 1240.00, 1658.50, 360.00, 100.00, 0.00, 1240.00, 1085.00, 1133.35, 18758.50, 3558.35, 15200.15, NULL, NULL, '2026-02-01 09:00:00', '2026-02-01 09:00:00'),
(45022, 44001, 24007, 18800.00, 1504.00, 1786.00, 0.00, 0.00, 432.18, 1504.00, 1316.00, 2767.56, 22090.00, 6019.74, 16070.26, NULL, NULL, '2026-02-01 09:00:00', '2026-02-01 09:00:00'),
(45023, 44001, 24008, 7200.00, 576.00, 748.80, 120.00, 0.00, 331.03, 576.00, 504.00, 67.01, 8644.80, 1478.04, 7166.76, 'YELLOW', '请假扣款偏高', '2026-02-01 09:00:00', '2026-02-01 09:00:00'),
(45024, 44001, 24009, 8800.00, 704.00, 809.60, 240.00, 50.00, 606.90, 704.00, 616.00, 357.67, 10553.60, 2334.57, 8219.03, 'YELLOW', '请假扣款偏高', '2026-02-01 09:00:00', '2026-02-01 09:00:00'),
(45025, 44001, 24010, 10500.00, 1050.00, 1060.50, 360.00, 0.00, 0.00, 840.00, 735.00, 639.55, 12970.50, 2214.55, 10755.95, NULL, NULL, '2026-02-01 09:00:00', '2026-02-01 09:00:00'),
(45026, 44002, 21001, 10500.00, 840.00, 1155.00, 120.00, 0.00, 724.14, 840.00, 735.00, 531.59, 12615.00, 2830.73, 9784.27, 'YELLOW', '请假扣款偏高', '2026-03-01 09:00:00', '2026-03-01 09:00:00'),
(45027, 44002, 21002, 12800.00, 1024.00, 1254.40, 240.00, 0.00, 0.00, 1024.00, 896.00, 839.84, 15318.40, 2759.84, 12558.56, NULL, NULL, '2026-03-01 09:00:00', '2026-03-01 09:00:00'),
(45028, 44002, 21003, 15500.00, 1240.00, 1658.50, 360.00, 50.00, 356.32, 1240.00, 1085.00, 1102.72, 18758.50, 3834.04, 14924.46, NULL, NULL, '2026-03-01 09:00:00', '2026-03-01 09:00:00'),
(45029, 44002, 21004, 18800.00, 1504.00, 1786.00, 0.00, 0.00, 864.37, 1504.00, 1316.00, 2681.13, 22090.00, 6365.50, 15724.50, 'YELLOW', '请假扣款偏高', '2026-03-01 09:00:00', '2026-03-01 09:00:00'),
(45030, 44002, 21005, 22800.00, 1824.00, 2371.20, 120.00, 0.00, 1572.41, 1824.00, 1596.00, 3424.56, 27115.20, 8416.97, 18698.23, 'YELLOW', '请假扣款偏高', '2026-03-01 09:00:00', '2026-03-01 09:00:00'),
(45031, 44002, 22001, 32000.00, 2560.00, 4416.00, 240.00, 0.00, 0.00, 2560.00, 2240.00, 5883.20, 39216.00, 10683.20, 28532.80, NULL, NULL, '2026-03-01 09:00:00', '2026-03-01 09:00:00'),
(45032, 44002, 22002, 38000.00, 3040.00, 5757.00, 360.00, 0.00, 873.56, 3040.00, 2660.00, 7116.69, 47157.00, 13690.25, 33466.75, NULL, NULL, '2026-03-01 09:00:00', '2026-03-01 09:00:00'),
(45033, 44002, 22003, 46000.00, 3680.00, 7590.00, 0.00, 50.00, 2114.94, 3680.00, 3220.00, 8641.01, 57270.00, 17705.95, 39564.05, 'YELLOW', '请假扣款偏高', '2026-03-01 09:00:00', '2026-03-01 09:00:00'),
(45034, 44002, 22004, 38000.00, 3040.00, 5586.00, 120.00, 100.00, 2620.69, 3040.00, 2660.00, 6665.06, 46746.00, 15085.75, 31660.25, 'YELLOW', '请假扣款偏高', '2026-03-01 09:00:00', '2026-03-01 09:00:00'),
(45035, 44002, 22005, 32000.00, 2560.00, 5136.00, 240.00, 0.00, 0.00, 2560.00, 2240.00, 6027.20, 39936.00, 10827.20, 29108.80, NULL, NULL, '2026-03-01 09:00:00', '2026-03-01 09:00:00'),
(45036, 44002, 23001, 12800.00, 1024.00, 1216.00, 360.00, 0.00, 294.25, 1024.00, 896.00, 818.58, 15400.00, 3032.83, 12367.17, NULL, NULL, '2026-03-01 09:00:00', '2026-03-01 09:00:00'),
(45037, 44002, 23002, 15500.00, 1240.00, 1612.00, 0.00, 0.00, 712.64, 1240.00, 1085.00, 1031.44, 18352.00, 4069.08, 14282.92, 'YELLOW', '请假扣款偏高', '2026-03-01 09:00:00', '2026-03-01 09:00:00'),
(45038, 44002, 23003, 18800.00, 1504.00, 1729.60, 120.00, 50.00, 1296.55, 1504.00, 1316.00, 2597.41, 22153.60, 6763.96, 15389.64, 'YELLOW', '请假扣款偏高', '2026-03-01 09:00:00', '2026-03-01 09:00:00'),
(45039, 44002, 23004, 22800.00, 1824.00, 2302.80, 240.00, 0.00, 0.00, 1824.00, 1596.00, 3749.36, 27166.80, 7169.36, 19997.44, NULL, NULL, '2026-03-01 09:00:00', '2026-03-01 09:00:00'),
(45040, 44002, 23005, 26800.00, 2144.00, 2948.00, 360.00, 0.00, 616.09, 2144.00, 1876.00, 4523.18, 32252.00, 9159.27, 23092.73, NULL, NULL, '2026-03-01 09:00:00', '2026-03-01 09:00:00'),
(45041, 44002, 24001, 6000.00, 600.00, 588.00, 0.00, 0.00, 275.86, 480.00, 420.00, 30.36, 7188.00, 1206.22, 5981.78, 'RED', '实发工资偏低', '2026-03-01 09:00:00', '2026-03-01 09:00:00'),
(45042, 44002, 24002, 7200.00, 720.00, 770.40, 120.00, 0.00, 496.55, 576.00, 504.00, 67.02, 8810.40, 1643.57, 7166.83, 'YELLOW', '请假扣款偏高', '2026-03-01 09:00:00', '2026-03-01 09:00:00'),
(45043, 44002, 24003, 8800.00, 880.00, 836.00, 240.00, 50.00, 0.00, 704.00, 616.00, 438.60, 10756.00, 1808.60, 8947.40, NULL, NULL, '2026-03-01 09:00:00', '2026-03-01 09:00:00'),
(45044, 44002, 24004, 10500.00, 1050.00, 1092.00, 360.00, 0.00, 241.38, 840.00, 735.00, 618.56, 13002.00, 2434.94, 10567.06, NULL, NULL, '2026-03-01 09:00:00', '2026-03-01 09:00:00'),
(45045, 44002, 24005, 12800.00, 1024.00, 1177.60, 0.00, 100.00, 588.51, 1024.00, 896.00, 739.31, 15001.60, 3347.82, 11653.78, 'YELLOW', '请假扣款偏高', '2026-03-01 09:00:00', '2026-03-01 09:00:00'),
(45046, 44002, 24006, 15500.00, 1240.00, 1565.50, 120.00, 0.00, 1068.97, 1240.00, 1085.00, 1003.15, 18425.50, 4397.12, 14028.38, 'YELLOW', '请假扣款偏高', '2026-03-01 09:00:00', '2026-03-01 09:00:00'),
(45047, 44002, 24007, 18800.00, 1504.00, 2068.00, 240.00, 0.00, 0.00, 1504.00, 1316.00, 2958.40, 22612.00, 5778.40, 16833.60, NULL, NULL, '2026-03-01 09:00:00', '2026-03-01 09:00:00'),
(45048, 44002, 24008, 7200.00, 576.00, 705.60, 360.00, 50.00, 165.52, 576.00, 504.00, 76.38, 8841.60, 1371.90, 7469.70, NULL, NULL, '2026-03-01 09:00:00', '2026-03-01 09:00:00'),
(45049, 44002, 24009, 8800.00, 704.00, 941.60, 0.00, 0.00, 404.60, 704.00, 616.00, 372.10, 10445.60, 2096.70, 8348.90, 'YELLOW', '请假扣款偏高', '2026-03-01 09:00:00', '2026-03-01 09:00:00'),
(45050, 44002, 24010, 10500.00, 1050.00, 997.50, 120.00, 0.00, 724.14, 840.00, 735.00, 536.84, 12667.50, 2835.98, 9831.52, 'YELLOW', '请假扣款偏高', '2026-03-01 09:00:00', '2026-03-01 09:00:00'),
(45051, 44003, 21001, 10500.00, 840.00, 1092.00, 360.00, 0.00, 482.76, 840.00, 735.00, 573.42, 12792.00, 2631.18, 10160.82, 'YELLOW', '请假扣款偏高', '2026-04-01 09:00:00', '2026-04-01 09:00:00'),
(45052, 44003, 21002, 12800.00, 1024.00, 1177.60, 0.00, 50.00, 882.76, 1024.00, 896.00, 714.88, 15001.60, 3567.64, 11433.96, 'YELLOW', '请假扣款偏高', '2026-04-01 09:00:00', '2026-04-01 09:00:00'),
(45053, 44003, 21003, 15500.00, 1240.00, 1565.50, 120.00, 0.00, 0.00, 1240.00, 1085.00, 1110.05, 18425.50, 3435.05, 14990.45, NULL, NULL, '2026-04-01 09:00:00', '2026-04-01 09:00:00'),
(45054, 44003, 21004, 18800.00, 1504.00, 2068.00, 240.00, 0.00, 432.18, 1504.00, 1316.00, 2871.96, 22612.00, 6124.14, 16487.86, NULL, NULL, '2026-04-01 09:00:00', '2026-04-01 09:00:00'),
(45055, 44003, 21005, 22800.00, 1824.00, 2234.40, 360.00, 0.00, 1048.28, 1824.00, 1596.00, 3550.02, 27218.40, 8018.30, 19200.10, 'YELLOW', '请假扣款偏高', '2026-04-01 09:00:00', '2026-04-01 09:00:00'),
(45056, 44003, 22001, 32000.00, 2560.00, 5136.00, 0.00, 0.00, 2206.90, 2560.00, 2240.00, 5537.82, 39696.00, 12544.72, 27151.28, 'YELLOW', '请假扣款偏高', '2026-04-01 09:00:00', '2026-04-01 09:00:00'),
(45057, 44003, 22002, 38000.00, 3040.00, 5415.00, 120.00, 50.00, 0.00, 3040.00, 2660.00, 7165.00, 46575.00, 12915.00, 33660.00, NULL, NULL, '2026-04-01 09:00:00', '2026-04-01 09:00:00'),
(45058, 44003, 22003, 46000.00, 3680.00, 7176.00, 240.00, 100.00, 1057.47, 3680.00, 3220.00, 8807.71, 57096.00, 16865.18, 40230.82, NULL, NULL, '2026-04-01 09:00:00', '2026-04-01 09:00:00'),
(45059, 44003, 22004, 38000.00, 3040.00, 5244.00, 360.00, 0.00, 1747.13, 3040.00, 2660.00, 6839.37, 46644.00, 14286.50, 32357.50, 'YELLOW', '请假扣款偏高', '2026-04-01 09:00:00', '2026-04-01 09:00:00'),
(45060, 44003, 22005, 32000.00, 2560.00, 4848.00, 0.00, 0.00, 2206.90, 2560.00, 2240.00, 5480.22, 39408.00, 12487.12, 26920.88, 'YELLOW', '请假扣款偏高', '2026-04-01 09:00:00', '2026-04-01 09:00:00'),
(45061, 44003, 23001, 12800.00, 1024.00, 1408.00, 120.00, 0.00, 0.00, 1024.00, 896.00, 843.20, 15352.00, 2763.20, 12588.80, NULL, NULL, '2026-04-01 09:00:00', '2026-04-01 09:00:00'),
(45062, 44003, 23002, 15500.00, 1240.00, 1519.00, 240.00, 50.00, 356.32, 1240.00, 1085.00, 1076.77, 18499.00, 3808.09, 14690.91, NULL, NULL, '2026-04-01 09:00:00', '2026-04-01 09:00:00'),
(45063, 44003, 23003, 18800.00, 1504.00, 2011.60, 360.00, 0.00, 864.37, 1504.00, 1316.00, 2798.25, 22675.60, 6482.62, 16192.98, 'YELLOW', '请假扣款偏高', '2026-04-01 09:00:00', '2026-04-01 09:00:00'),
(45064, 44003, 23004, 22800.00, 1824.00, 2166.00, 0.00, 0.00, 1572.41, 1824.00, 1596.00, 3359.52, 26790.00, 8351.93, 18438.07, 'YELLOW', '请假扣款偏高', '2026-04-01 09:00:00', '2026-04-01 09:00:00'),
(45065, 44003, 23005, 26800.00, 2144.00, 2787.20, 120.00, 0.00, 0.00, 2144.00, 1876.00, 4566.24, 31851.20, 8586.24, 23264.96, NULL, NULL, '2026-04-01 09:00:00', '2026-04-01 09:00:00'),
(45066, 44003, 24001, 6000.00, 600.00, 552.00, 240.00, 0.00, 137.93, 480.00, 420.00, 40.62, 7392.00, 1078.55, 6313.45, 'RED', '实发工资偏低', '2026-04-01 09:00:00', '2026-04-01 09:00:00'),
(45067, 44003, 24002, 7200.00, 720.00, 727.20, 360.00, 50.00, 331.03, 576.00, 504.00, 76.39, 9007.20, 1537.42, 7469.78, 'YELLOW', '请假扣款偏高', '2026-04-01 09:00:00', '2026-04-01 09:00:00'),
(45068, 44003, 24003, 8800.00, 880.00, 968.00, 0.00, 0.00, 606.90, 704.00, 616.00, 372.11, 10648.00, 2299.01, 8348.99, 'YELLOW', '请假扣款偏高', '2026-04-01 09:00:00', '2026-04-01 09:00:00'),
(45069, 44003, 24004, 10500.00, 1050.00, 1029.00, 120.00, 100.00, 0.00, 840.00, 735.00, 602.40, 12699.00, 2277.40, 10421.60, NULL, NULL, '2026-04-01 09:00:00', '2026-04-01 09:00:00'),
(45070, 44003, 24005, 12800.00, 1024.00, 1369.60, 240.00, 0.00, 294.25, 1024.00, 896.00, 821.94, 15433.60, 3036.19, 12397.41, NULL, NULL, '2026-04-01 09:00:00', '2026-04-01 09:00:00'),
(45071, 44003, 24006, 15500.00, 1240.00, 1472.50, 360.00, 0.00, 712.64, 1240.00, 1085.00, 1053.49, 18572.50, 4091.13, 14481.37, 'YELLOW', '请假扣款偏高', '2026-04-01 09:00:00', '2026-04-01 09:00:00'),
(45072, 44003, 24007, 18800.00, 1504.00, 1955.20, 0.00, 50.00, 1296.55, 1504.00, 1316.00, 2618.53, 22259.20, 6785.08, 15474.12, 'YELLOW', '请假扣款偏高', '2026-04-01 09:00:00', '2026-04-01 09:00:00'),
(45073, 44003, 24008, 7200.00, 576.00, 662.40, 120.00, 0.00, 0.00, 576.00, 504.00, 74.35, 8558.40, 1154.35, 7404.05, NULL, NULL, '2026-04-01 09:00:00', '2026-04-01 09:00:00'),
(45074, 44003, 24009, 8800.00, 704.00, 888.80, 240.00, 0.00, 202.30, 704.00, 616.00, 411.05, 10632.80, 1933.35, 8699.45, NULL, NULL, '2026-04-01 09:00:00', '2026-04-01 09:00:00'),
(45075, 44003, 24010, 10500.00, 1050.00, 1155.00, 360.00, 0.00, 482.76, 840.00, 735.00, 600.72, 13065.00, 2658.48, 10406.52, 'YELLOW', '请假扣款偏高', '2026-04-01 09:00:00', '2026-04-01 09:00:00'),
(45076, 44004, 21001, 10500.00, 840.00, 1029.00, 120.00, 50.00, 241.38, 840.00, 735.00, 562.26, 12489.00, 2428.64, 10060.36, NULL, NULL, '2026-05-01 09:00:00', '2026-05-01 09:00:00'),
(45077, 44004, 21002, 12800.00, 1024.00, 1369.60, 240.00, 0.00, 588.51, 1024.00, 896.00, 792.51, 15433.60, 3301.02, 12132.58, 'YELLOW', '请假扣款偏高', '2026-05-01 09:00:00', '2026-05-01 09:00:00'),
(45078, 44004, 21003, 15500.00, 1240.00, 1472.50, 360.00, 0.00, 1068.97, 1240.00, 1085.00, 1017.85, 18572.50, 4411.82, 14160.68, 'YELLOW', '请假扣款偏高', '2026-05-01 09:00:00', '2026-05-01 09:00:00'),
(45079, 44004, 21004, 18800.00, 1504.00, 1955.20, 0.00, 0.00, 0.00, 1504.00, 1316.00, 2887.84, 22259.20, 5707.84, 16551.36, NULL, NULL, '2026-05-01 09:00:00', '2026-05-01 09:00:00'),
(45080, 44004, 21005, 22800.00, 1824.00, 2097.60, 120.00, 0.00, 524.14, 1824.00, 1596.00, 3579.49, 26841.60, 7523.63, 19317.97, NULL, NULL, '2026-05-01 09:00:00', '2026-05-01 09:00:00'),
(45081, 44004, 22001, 32000.00, 2560.00, 4848.00, 240.00, 50.00, 1471.26, 2560.00, 2240.00, 5665.35, 39648.00, 11986.61, 27661.39, 'YELLOW', '请假扣款偏高', '2026-05-01 09:00:00', '2026-05-01 09:00:00'),
(45082, 44004, 22002, 38000.00, 3040.00, 6270.00, 360.00, 100.00, 2620.69, 3040.00, 2660.00, 6849.86, 47670.00, 15270.55, 32399.45, 'YELLOW', '请假扣款偏高', '2026-05-01 09:00:00', '2026-05-01 09:00:00'),
(45083, 44004, 22003, 46000.00, 3680.00, 6762.00, 0.00, 0.00, 0.00, 3680.00, 3220.00, 8908.40, 56442.00, 15808.40, 40633.60, NULL, NULL, '2026-05-01 09:00:00', '2026-05-01 09:00:00'),
(45084, 44004, 22004, 38000.00, 3040.00, 6099.00, 120.00, 0.00, 873.56, 3040.00, 2660.00, 7137.09, 47259.00, 13710.65, 33548.35, NULL, NULL, '2026-05-01 09:00:00', '2026-05-01 09:00:00'),
(45085, 44004, 22005, 32000.00, 2560.00, 4560.00, 240.00, 0.00, 1471.26, 2560.00, 2240.00, 5617.75, 39360.00, 11889.01, 27470.99, 'YELLOW', '请假扣款偏高', '2026-05-01 09:00:00', '2026-05-01 09:00:00'),
(45086, 44004, 23001, 12800.00, 1024.00, 1331.20, 360.00, 50.00, 882.76, 1024.00, 896.00, 766.24, 15515.20, 3619.00, 11896.20, 'YELLOW', '请假扣款偏高', '2026-05-01 09:00:00', '2026-05-01 09:00:00'),
(45087, 44004, 23002, 15500.00, 1240.00, 1426.00, 0.00, 0.00, 0.00, 1240.00, 1085.00, 1084.10, 18166.00, 3409.10, 14756.90, NULL, NULL, '2026-05-01 09:00:00', '2026-05-01 09:00:00'),
(45088, 44004, 23003, 18800.00, 1504.00, 1898.80, 120.00, 0.00, 432.18, 1504.00, 1316.00, 2814.12, 22322.80, 6066.30, 16256.50, NULL, NULL, '2026-05-01 09:00:00', '2026-05-01 09:00:00'),
(45089, 44004, 23004, 22800.00, 1824.00, 2508.00, 240.00, 0.00, 1048.28, 1824.00, 1596.00, 3580.74, 27372.00, 8049.02, 19322.98, 'YELLOW', '请假扣款偏高', '2026-05-01 09:00:00', '2026-05-01 09:00:00'),
(45090, 44004, 23005, 26800.00, 2144.00, 2626.40, 360.00, 0.00, 1848.28, 2144.00, 1876.00, 4212.42, 31930.40, 10080.70, 21849.70, 'YELLOW', '请假扣款偏高', '2026-05-01 09:00:00', '2026-05-01 09:00:00'),
(45091, 44004, 24001, 6000.00, 600.00, 642.00, 0.00, 50.00, 0.00, 480.00, 420.00, 38.76, 7242.00, 988.76, 6253.24, 'RED', '实发工资偏低', '2026-05-01 09:00:00', '2026-05-01 09:00:00'),
(45092, 44004, 24002, 7200.00, 720.00, 684.00, 120.00, 0.00, 165.52, 576.00, 504.00, 74.35, 8724.00, 1319.87, 7404.13, NULL, NULL, '2026-05-01 09:00:00', '2026-05-01 09:00:00'),
(45093, 44004, 24003, 8800.00, 880.00, 915.20, 240.00, 100.00, 404.60, 704.00, 616.00, 401.06, 10835.20, 2225.66, 8609.54, 'YELLOW', '请假扣款偏高', '2026-05-01 09:00:00', '2026-05-01 09:00:00'),
(45094, 44004, 24004, 10500.00, 1050.00, 966.00, 360.00, 0.00, 724.14, 840.00, 735.00, 557.69, 12876.00, 2856.83, 10019.17, 'YELLOW', '请假扣款偏高', '2026-05-01 09:00:00', '2026-05-01 09:00:00'),
(45095, 44004, 24005, 12800.00, 1024.00, 1292.80, 0.00, 0.00, 0.00, 1024.00, 896.00, 819.68, 15116.80, 2739.68, 12377.12, NULL, NULL, '2026-05-01 09:00:00', '2026-05-01 09:00:00'),
(45096, 44004, 24006, 15500.00, 1240.00, 1705.00, 120.00, 50.00, 356.32, 1240.00, 1085.00, 1083.37, 18565.00, 3814.69, 14750.31, NULL, NULL, '2026-05-01 09:00:00', '2026-05-01 09:00:00'),
(45097, 44004, 24007, 18800.00, 1504.00, 1842.40, 240.00, 0.00, 864.37, 1504.00, 1316.00, 2740.41, 22386.40, 6424.78, 15961.62, 'YELLOW', '请假扣款偏高', '2026-05-01 09:00:00', '2026-05-01 09:00:00'),
(45098, 44004, 24008, 7200.00, 576.00, 770.40, 360.00, 0.00, 496.55, 576.00, 504.00, 69.90, 8906.40, 1646.45, 7259.95, 'YELLOW', '请假扣款偏高', '2026-05-01 09:00:00', '2026-05-01 09:00:00'),
(45099, 44004, 24009, 8800.00, 704.00, 836.00, 0.00, 0.00, 0.00, 704.00, 616.00, 402.00, 10340.00, 1722.00, 8618.00, NULL, NULL, '2026-05-01 09:00:00', '2026-05-01 09:00:00'),
(45100, 44004, 24010, 10500.00, 1050.00, 1092.00, 120.00, 0.00, 241.38, 840.00, 735.00, 594.56, 12762.00, 2410.94, 10351.06, NULL, NULL, '2026-05-01 09:00:00', '2026-05-01 09:00:00'),
(45101, 44005, 21001, 10500.00, 840.00, 966.00, 360.00, 0.00, 0.00, 840.00, 735.00, 609.10, 12666.00, 2184.10, 10481.90, NULL, NULL, '2026-06-01 09:00:00', '2026-06-01 09:00:00'),
(45102, 44005, 21002, 12800.00, 1024.00, 1292.80, 0.00, 0.00, 294.25, 1024.00, 896.00, 790.26, 15116.80, 3004.51, 12112.29, NULL, NULL, '2026-06-01 09:00:00', '2026-06-01 09:00:00'),
(45103, 44005, 21003, 15500.00, 1240.00, 1705.00, 120.00, 0.00, 712.64, 1240.00, 1085.00, 1052.74, 18565.00, 4090.38, 14474.62, 'YELLOW', '请假扣款偏高', '2026-06-01 09:00:00', '2026-06-01 09:00:00'),
(45104, 44005, 21004, 18800.00, 1504.00, 1842.40, 240.00, 0.00, 1296.55, 1504.00, 1316.00, 2653.97, 22386.40, 6770.52, 15615.88, 'YELLOW', '请假扣款偏高', '2026-06-01 09:00:00', '2026-06-01 09:00:00'),
(45105, 44005, 21005, 22800.00, 1824.00, 2439.60, 360.00, 50.00, 0.00, 1824.00, 1596.00, 3790.72, 27423.60, 7260.72, 20162.88, NULL, NULL, '2026-06-01 09:00:00', '2026-06-01 09:00:00'),
(45106, 44005, 22001, 32000.00, 2560.00, 4560.00, 0.00, 100.00, 735.63, 2560.00, 2240.00, 5696.87, 39120.00, 11332.50, 27787.50, NULL, NULL, '2026-06-01 09:00:00', '2026-06-01 09:00:00'),
(45107, 44005, 22002, 38000.00, 3040.00, 5928.00, 120.00, 0.00, 1747.13, 3040.00, 2660.00, 6928.17, 47088.00, 14375.30, 32712.70, 'YELLOW', '请假扣款偏高', '2026-06-01 09:00:00', '2026-06-01 09:00:00'),
(45108, 44005, 22003, 46000.00, 3680.00, 6348.00, 240.00, 0.00, 3172.41, 3680.00, 3220.00, 8239.12, 56268.00, 18311.53, 37956.47, 'YELLOW', '请假扣款偏高', '2026-06-01 09:00:00', '2026-06-01 09:00:00'),
(45109, 44005, 22004, 38000.00, 3040.00, 5757.00, 360.00, 0.00, 0.00, 3040.00, 2660.00, 7291.40, 47157.00, 12991.40, 34165.60, NULL, NULL, '2026-06-01 09:00:00', '2026-06-01 09:00:00'),
(45110, 44005, 22005, 32000.00, 2560.00, 5280.00, 0.00, 50.00, 735.63, 2560.00, 2240.00, 5850.87, 39840.00, 11436.50, 28403.50, NULL, NULL, '2026-06-01 09:00:00', '2026-06-01 09:00:00'),
(45111, 44005, 23001, 12800.00, 1024.00, 1254.40, 120.00, 0.00, 588.51, 1024.00, 896.00, 768.99, 15198.40, 3277.50, 11920.90, 'YELLOW', '请假扣款偏高', '2026-06-01 09:00:00', '2026-06-01 09:00:00'),
(45112, 44005, 23002, 15500.00, 1240.00, 1658.50, 240.00, 0.00, 1068.97, 1240.00, 1085.00, 1024.45, 18638.50, 4418.42, 14220.08, 'YELLOW', '请假扣款偏高', '2026-06-01 09:00:00', '2026-06-01 09:00:00'),
(45113, 44005, 23003, 18800.00, 1504.00, 1786.00, 360.00, 0.00, 0.00, 1504.00, 1316.00, 2926.00, 22450.00, 5746.00, 16704.00, NULL, NULL, '2026-06-01 09:00:00', '2026-06-01 09:00:00'),
(45114, 44005, 23004, 22800.00, 1824.00, 2371.20, 0.00, 0.00, 524.14, 1824.00, 1596.00, 3610.21, 26995.20, 7554.35, 19440.85, NULL, NULL, '2026-06-01 09:00:00', '2026-06-01 09:00:00'),
(45115, 44005, 23005, 26800.00, 2144.00, 2465.60, 120.00, 50.00, 1232.18, 2144.00, 1876.00, 4245.48, 31529.60, 9547.66, 21981.94, 'YELLOW', '请假扣款偏高', '2026-06-01 09:00:00', '2026-06-01 09:00:00'),
(45116, 44005, 24001, 6000.00, 600.00, 606.00, 240.00, 0.00, 413.79, 480.00, 420.00, 33.97, 7446.00, 1347.76, 6098.24, 'RED', '实发工资偏低', '2026-06-01 09:00:00', '2026-06-01 09:00:00'),
(45117, 44005, 24002, 7200.00, 720.00, 792.00, 360.00, 100.00, 0.00, 576.00, 504.00, 86.76, 9072.00, 1266.76, 7805.24, NULL, NULL, '2026-06-01 09:00:00', '2026-06-01 09:00:00'),
(45118, 44005, 24003, 8800.00, 880.00, 862.40, 0.00, 0.00, 202.30, 704.00, 616.00, 402.01, 10542.40, 1924.31, 8618.09, NULL, NULL, '2026-06-01 09:00:00', '2026-06-01 09:00:00'),
(45119, 44005, 24004, 10500.00, 1050.00, 1123.50, 120.00, 0.00, 482.76, 840.00, 735.00, 573.57, 12793.50, 2631.33, 10162.17, 'YELLOW', '请假扣款偏高', '2026-06-01 09:00:00', '2026-06-01 09:00:00'),
(45120, 44005, 24005, 12800.00, 1024.00, 1216.00, 240.00, 50.00, 882.76, 1024.00, 896.00, 742.72, 15280.00, 3595.48, 11684.52, 'YELLOW', '请假扣款偏高', '2026-06-01 09:00:00', '2026-06-01 09:00:00'),
(45121, 44005, 24006, 15500.00, 1240.00, 1612.00, 360.00, 0.00, 0.00, 1240.00, 1085.00, 1138.70, 18712.00, 3463.70, 15248.30, NULL, NULL, '2026-06-01 09:00:00', '2026-06-01 09:00:00'),
(45122, 44005, 24007, 18800.00, 1504.00, 1729.60, 0.00, 0.00, 432.18, 1504.00, 1316.00, 2756.28, 22033.60, 6008.46, 16025.14, NULL, NULL, '2026-06-01 09:00:00', '2026-06-01 09:00:00'),
(45123, 44005, 24008, 7200.00, 576.00, 727.20, 120.00, 0.00, 331.03, 576.00, 504.00, 66.37, 8623.20, 1477.40, 7145.80, 'YELLOW', '请假扣款偏高', '2026-06-01 09:00:00', '2026-06-01 09:00:00'),
(45124, 44005, 24009, 8800.00, 704.00, 968.00, 240.00, 0.00, 606.90, 704.00, 616.00, 378.51, 10712.00, 2305.41, 8406.59, 'YELLOW', '请假扣款偏高', '2026-06-01 09:00:00', '2026-06-01 09:00:00'),
(45125, 44005, 24010, 10500.00, 1050.00, 1029.00, 360.00, 50.00, 0.00, 840.00, 735.00, 631.40, 12939.00, 2256.40, 10682.60, NULL, NULL, '2026-06-01 09:00:00', '2026-06-01 09:00:00'),
(45126, 44006, 21001, 10500.00, 840.00, 1123.50, 120.00, 0.00, 724.14, 840.00, 735.00, 528.44, 12583.50, 2827.58, 9755.92, 'YELLOW', '请假扣款偏高', '2026-07-01 09:00:00', '2026-07-01 09:00:00'),
(45127, 44006, 21002, 12800.00, 1024.00, 1216.00, 240.00, 0.00, 0.00, 1024.00, 896.00, 836.00, 15280.00, 2756.00, 12524.00, NULL, NULL, '2026-07-01 09:00:00', '2026-07-01 09:00:00'),
(45128, 44006, 21003, 15500.00, 1240.00, 1612.00, 360.00, 0.00, 356.32, 1240.00, 1085.00, 1103.07, 18712.00, 3784.39, 14927.61, NULL, NULL, '2026-07-01 09:00:00', '2026-07-01 09:00:00'),
(45129, 44006, 21004, 18800.00, 1504.00, 1729.60, 0.00, 50.00, 864.37, 1504.00, 1316.00, 2659.85, 22033.60, 6394.22, 15639.38, 'YELLOW', '请假扣款偏高', '2026-07-01 09:00:00', '2026-07-01 09:00:00'),
(45130, 44006, 21005, 22800.00, 1824.00, 2302.80, 120.00, 100.00, 1572.41, 1824.00, 1596.00, 3390.88, 27046.80, 8483.29, 18563.51, 'YELLOW', '请假扣款偏高', '2026-07-01 09:00:00', '2026-07-01 09:00:00'),
(45131, 44006, 22001, 32000.00, 2560.00, 5280.00, 240.00, 0.00, 0.00, 2560.00, 2240.00, 6056.00, 40080.00, 10856.00, 29224.00, NULL, NULL, '2026-07-01 09:00:00', '2026-07-01 09:00:00'),
(45132, 44006, 22002, 38000.00, 3040.00, 5586.00, 360.00, 0.00, 873.56, 3040.00, 2660.00, 7082.49, 46986.00, 13656.05, 33329.95, NULL, NULL, '2026-07-01 09:00:00', '2026-07-01 09:00:00'),
(45133, 44006, 22003, 46000.00, 3680.00, 7383.00, 0.00, 0.00, 2114.94, 3680.00, 3220.00, 8609.61, 57063.00, 17624.55, 39438.45, 'YELLOW', '请假扣款偏高', '2026-07-01 09:00:00', '2026-07-01 09:00:00'),
(45134, 44006, 22004, 38000.00, 3040.00, 5415.00, 120.00, 50.00, 2620.69, 3040.00, 2660.00, 6640.86, 46575.00, 15011.55, 31563.45, 'YELLOW', '请假扣款偏高', '2026-07-01 09:00:00', '2026-07-01 09:00:00'),
(45135, 44006, 22005, 32000.00, 2560.00, 4992.00, 240.00, 0.00, 0.00, 2560.00, 2240.00, 5998.40, 39792.00, 10798.40, 28993.60, NULL, NULL, '2026-07-01 09:00:00', '2026-07-01 09:00:00'),
(45136, 44006, 23001, 12800.00, 1024.00, 1177.60, 360.00, 0.00, 294.25, 1024.00, 896.00, 814.74, 15361.60, 3028.99, 12332.61, NULL, NULL, '2026-07-01 09:00:00', '2026-07-01 09:00:00'),
(45137, 44006, 23002, 15500.00, 1240.00, 1565.50, 0.00, 0.00, 712.64, 1240.00, 1085.00, 1026.79, 18305.50, 4064.43, 14241.07, 'YELLOW', '请假扣款偏高', '2026-07-01 09:00:00', '2026-07-01 09:00:00'),
(45138, 44006, 23003, 18800.00, 1504.00, 2068.00, 120.00, 0.00, 1296.55, 1504.00, 1316.00, 2675.09, 22492.00, 6791.64, 15700.36, 'YELLOW', '请假扣款偏高', '2026-07-01 09:00:00', '2026-07-01 09:00:00'),
(45139, 44006, 23004, 22800.00, 1824.00, 2234.40, 240.00, 50.00, 0.00, 1824.00, 1596.00, 3725.68, 27098.40, 7195.68, 19902.72, NULL, NULL, '2026-07-01 09:00:00', '2026-07-01 09:00:00'),
(45140, 44006, 23005, 26800.00, 2144.00, 2867.60, 360.00, 0.00, 616.09, 2144.00, 1876.00, 4507.10, 32171.60, 9143.19, 23028.41, NULL, NULL, '2026-07-01 09:00:00', '2026-07-01 09:00:00'),
(45141, 44006, 24001, 6000.00, 600.00, 570.00, 0.00, 100.00, 275.86, 480.00, 420.00, 26.82, 7170.00, 1302.68, 5867.32, 'RED', '实发工资偏低', '2026-07-01 09:00:00', '2026-07-01 09:00:00'),
(45142, 44006, 24002, 7200.00, 720.00, 748.80, 120.00, 0.00, 496.55, 576.00, 504.00, 66.37, 8788.80, 1642.92, 7145.88, 'YELLOW', '请假扣款偏高', '2026-07-01 09:00:00', '2026-07-01 09:00:00'),
(45143, 44006, 24003, 8800.00, 880.00, 809.60, 240.00, 0.00, 0.00, 704.00, 616.00, 440.96, 10729.60, 1760.96, 8968.64, NULL, NULL, '2026-07-01 09:00:00', '2026-07-01 09:00:00'),
(45144, 44006, 24004, 10500.00, 1050.00, 1060.50, 360.00, 50.00, 241.38, 840.00, 735.00, 610.41, 12970.50, 2476.79, 10493.71, NULL, NULL, '2026-07-01 09:00:00', '2026-07-01 09:00:00'),
(45145, 44006, 24005, 12800.00, 1024.00, 1408.00, 0.00, 0.00, 588.51, 1024.00, 896.00, 772.35, 15232.00, 3280.86, 11951.14, 'YELLOW', '请假扣款偏高', '2026-07-01 09:00:00', '2026-07-01 09:00:00'),
(45146, 44006, 24006, 15500.00, 1240.00, 1519.00, 120.00, 0.00, 1068.97, 1240.00, 1085.00, 998.50, 18379.00, 4392.47, 13986.53, 'YELLOW', '请假扣款偏高', '2026-07-01 09:00:00', '2026-07-01 09:00:00'),
(45147, 44006, 24007, 18800.00, 1504.00, 2011.60, 240.00, 0.00, 0.00, 1504.00, 1316.00, 2947.12, 22555.60, 5767.12, 16788.48, NULL, NULL, '2026-07-01 09:00:00', '2026-07-01 09:00:00'),
(45148, 44006, 24008, 7200.00, 576.00, 684.00, 360.00, 0.00, 165.52, 576.00, 504.00, 77.23, 8820.00, 1322.75, 7497.25, NULL, NULL, '2026-07-01 09:00:00', '2026-07-01 09:00:00'),
(45149, 44006, 24009, 8800.00, 704.00, 915.20, 0.00, 50.00, 404.60, 704.00, 616.00, 364.46, 10419.20, 2139.06, 8280.14, 'YELLOW', '请假扣款偏高', '2026-07-01 09:00:00', '2026-07-01 09:00:00'),
(45150, 44006, 24010, 10500.00, 1050.00, 966.00, 120.00, 0.00, 724.14, 840.00, 735.00, 533.69, 12636.00, 2832.83, 9803.17, 'YELLOW', '请假扣款偏高', '2026-07-01 09:00:00', '2026-07-01 09:00:00'),
(45151, 44007, 21001, 10500.00, 840.00, 1060.50, 360.00, 0.00, 482.76, 840.00, 735.00, 570.27, 12760.50, 2628.03, 10132.47, 'YELLOW', '请假扣款偏高', '2026-07-15 10:00:00', '2026-07-15 10:00:00'),
(45152, 44007, 21002, 12800.00, 1024.00, 1408.00, 0.00, 0.00, 882.76, 1024.00, 896.00, 742.92, 15232.00, 3545.68, 11686.32, 'YELLOW', '请假扣款偏高', '2026-07-15 10:00:00', '2026-07-15 10:00:00'),
(45153, 44007, 21003, 15500.00, 1240.00, 1519.00, 120.00, 50.00, 0.00, 1240.00, 1085.00, 1100.40, 18379.00, 3475.40, 14903.60, NULL, NULL, '2026-07-15 10:00:00', '2026-07-15 10:00:00'),
(45154, 44007, 21004, 18800.00, 1504.00, 2011.60, 240.00, 100.00, 432.18, 1504.00, 1316.00, 2840.68, 22555.60, 6192.86, 16362.74, NULL, NULL, '2026-07-15 10:00:00', '2026-07-15 10:00:00'),
(45155, 44007, 21005, 22800.00, 1824.00, 2166.00, 360.00, 0.00, 1048.28, 1824.00, 1596.00, 3536.34, 27150.00, 8004.62, 19145.38, 'YELLOW', '请假扣款偏高', '2026-07-15 10:00:00', '2026-07-15 10:00:00'),
(45156, 44007, 22001, 32000.00, 2560.00, 4992.00, 0.00, 0.00, 2206.90, 2560.00, 2240.00, 5509.02, 39552.00, 12515.92, 27036.08, 'YELLOW', '请假扣款偏高', '2026-07-15 10:00:00', '2026-07-15 10:00:00'),
(45157, 44007, 22002, 38000.00, 3040.00, 5244.00, 120.00, 0.00, 0.00, 3040.00, 2660.00, 7140.80, 46404.00, 12840.80, 33563.20, NULL, NULL, '2026-07-15 10:00:00', '2026-07-15 10:00:00'),
(45158, 44007, 22003, 46000.00, 3680.00, 6969.00, 240.00, 50.00, 1057.47, 3680.00, 3220.00, 8776.31, 56889.00, 16783.78, 40105.22, NULL, NULL, '2026-07-15 10:00:00', '2026-07-15 10:00:00'),
(45159, 44007, 22004, 38000.00, 3040.00, 6270.00, 360.00, 0.00, 1747.13, 3040.00, 2660.00, 7044.57, 47670.00, 14491.70, 33178.30, 'YELLOW', '请假扣款偏高', '2026-07-15 10:00:00', '2026-07-15 10:00:00'),
(45160, 44007, 22005, 32000.00, 2560.00, 4704.00, 0.00, 0.00, 2206.90, 2560.00, 2240.00, 5451.42, 39264.00, 12458.32, 26805.68, 'YELLOW', '请假扣款偏高', '2026-07-15 10:00:00', '2026-07-15 10:00:00'),
(45161, 44007, 23001, 12800.00, 1024.00, 1369.60, 120.00, 0.00, 0.00, 1024.00, 896.00, 839.36, 15313.60, 2759.36, 12554.24, NULL, NULL, '2026-07-15 10:00:00', '2026-07-15 10:00:00'),
(45162, 44007, 23002, 15500.00, 1240.00, 1472.50, 240.00, 0.00, 356.32, 1240.00, 1085.00, 1077.12, 18452.50, 3758.44, 14694.06, NULL, NULL, '2026-07-15 10:00:00', '2026-07-15 10:00:00'),
(45163, 44007, 23003, 18800.00, 1504.00, 1955.20, 360.00, 50.00, 864.37, 1504.00, 1316.00, 2776.97, 22619.20, 6511.34, 16107.86, 'YELLOW', '请假扣款偏高', '2026-07-15 10:00:00', '2026-07-15 10:00:00'),
(45164, 44007, 23004, 22800.00, 1824.00, 2097.60, 0.00, 0.00, 1572.41, 1824.00, 1596.00, 3345.84, 26721.60, 8338.25, 18383.35, 'YELLOW', '请假扣款偏高', '2026-07-15 10:00:00', '2026-07-15 10:00:00'),
(45165, 44007, 23005, 26800.00, 2144.00, 2706.80, 120.00, 100.00, 0.00, 2144.00, 1876.00, 4530.16, 31770.80, 8650.16, 23120.64, NULL, NULL, '2026-07-15 10:00:00', '2026-07-15 10:00:00'),
(45166, 44007, 24001, 6000.00, 600.00, 660.00, 240.00, 0.00, 137.93, 480.00, 420.00, 43.86, 7500.00, 1081.79, 6418.21, 'RED', '实发工资偏低', '2026-07-15 10:00:00', '2026-07-15 10:00:00'),
(45167, 44007, 24002, 7200.00, 720.00, 705.60, 360.00, 0.00, 331.03, 576.00, 504.00, 77.24, 8985.60, 1488.27, 7497.33, 'YELLOW', '请假扣款偏高', '2026-07-15 10:00:00', '2026-07-15 10:00:00'),
(45168, 44007, 24003, 8800.00, 880.00, 941.60, 0.00, 50.00, 606.90, 704.00, 616.00, 364.47, 10621.60, 2341.37, 8280.23, 'YELLOW', '请假扣款偏高', '2026-07-15 10:00:00', '2026-07-15 10:00:00'),
(45169, 44007, 24004, 10500.00, 1050.00, 997.50, 120.00, 0.00, 0.00, 840.00, 735.00, 609.25, 12667.50, 2184.25, 10483.25, NULL, NULL, '2026-07-15 10:00:00', '2026-07-15 10:00:00'),
(45170, 44007, 24005, 12800.00, 1024.00, 1331.20, 240.00, 0.00, 294.25, 1024.00, 896.00, 818.10, 15395.20, 3032.35, 12362.85, NULL, NULL, '2026-07-15 10:00:00', '2026-07-15 10:00:00'),
(45171, 44007, 24006, 15500.00, 1240.00, 1426.00, 360.00, 0.00, 712.64, 1240.00, 1085.00, 1048.84, 18526.00, 4086.48, 14439.52, 'YELLOW', '请假扣款偏高', '2026-07-15 10:00:00', '2026-07-15 10:00:00'),
(45172, 44007, 24007, 18800.00, 1504.00, 1898.80, 0.00, 0.00, 1296.55, 1504.00, 1316.00, 2617.25, 22202.80, 6733.80, 15469.00, 'YELLOW', '请假扣款偏高', '2026-07-15 10:00:00', '2026-07-15 10:00:00'),
(45173, 44007, 24008, 7200.00, 576.00, 792.00, 120.00, 50.00, 0.00, 576.00, 504.00, 76.74, 8688.00, 1206.74, 7481.26, NULL, NULL, '2026-07-15 10:00:00', '2026-07-15 10:00:00'),
(45174, 44007, 24009, 8800.00, 704.00, 862.40, 240.00, 0.00, 202.30, 704.00, 616.00, 408.41, 10606.40, 1930.71, 8675.69, NULL, NULL, '2026-07-15 10:00:00', '2026-07-15 10:00:00'),
(45175, 44007, 24010, 10500.00, 1050.00, 1123.50, 360.00, 0.00, 482.76, 840.00, 735.00, 597.57, 13033.50, 2655.33, 10378.17, 'YELLOW', '请假扣款偏高', '2026-07-15 10:00:00', '2026-07-15 10:00:00')
ON DUPLICATE KEY UPDATE `batch_id` = VALUES(`batch_id`), `employee_id` = VALUES(`employee_id`), `base_salary` = VALUES(`base_salary`), `allowance` = VALUES(`allowance`), `performance_bonus` = VALUES(`performance_bonus`), `overtime_pay` = VALUES(`overtime_pay`), `late_deduction` = VALUES(`late_deduction`), `leave_deduction` = VALUES(`leave_deduction`), `social_insurance` = VALUES(`social_insurance`), `housing_fund` = VALUES(`housing_fund`), `income_tax` = VALUES(`income_tax`), `gross_salary` = VALUES(`gross_salary`), `deduction_total` = VALUES(`deduction_total`), `net_salary` = VALUES(`net_salary`), `warning_level` = VALUES(`warning_level`), `warning_reason` = VALUES(`warning_reason`), `update_time` = VALUES(`update_time`);

INSERT INTO `hr_salary_batch_adjustment` (`id`, `batch_id`, `employee_id`, `item_code`, `adjust_amount`, `reason`, `create_by`, `create_time`, `update_by`, `update_time`, `is_deleted`, `version`) VALUES
(46001, 44001, 21003, 'PERFORMANCE', 300.00, '月度绩效补差', 1, '2026-02-05 09:00:00', 1, '2026-02-05 09:00:00', 0, 0),
(46002, 44001, 22002, 'ALLOWANCE', 400.00, '岗位津贴调整', 1, '2026-02-05 09:00:00', 1, '2026-02-05 09:00:00', 0, 0),
(46003, 44001, 23001, 'PERFORMANCE', 200.00, '月度绩效补差', 1, '2026-02-05 09:00:00', 1, '2026-02-05 09:00:00', 0, 0),
(46004, 44001, 23005, 'ALLOWANCE', 300.00, '岗位津贴调整', 1, '2026-02-05 09:00:00', 1, '2026-02-05 09:00:00', 0, 0),
(46005, 44001, 24004, 'PERFORMANCE', 400.00, '月度绩效补差', 1, '2026-02-05 09:00:00', 1, '2026-02-05 09:00:00', 0, 0),
(46006, 44001, 24008, 'ALLOWANCE', 200.00, '岗位津贴调整', 1, '2026-02-05 09:00:00', 1, '2026-02-05 09:00:00', 0, 0),
(46007, 44002, 21002, 'PERFORMANCE', 300.00, '月度绩效补差', 1, '2026-03-05 09:00:00', 1, '2026-03-05 09:00:00', 0, 0),
(46008, 44002, 22001, 'ALLOWANCE', 400.00, '岗位津贴调整', 1, '2026-03-05 09:00:00', 1, '2026-03-05 09:00:00', 0, 0),
(46009, 44002, 22005, 'PERFORMANCE', 200.00, '月度绩效补差', 1, '2026-03-05 09:00:00', 1, '2026-03-05 09:00:00', 0, 0),
(46010, 44002, 23004, 'ALLOWANCE', 300.00, '岗位津贴调整', 1, '2026-03-05 09:00:00', 1, '2026-03-05 09:00:00', 0, 0),
(46011, 44002, 24003, 'PERFORMANCE', 400.00, '月度绩效补差', 1, '2026-03-05 09:00:00', 1, '2026-03-05 09:00:00', 0, 0),
(46012, 44002, 24007, 'ALLOWANCE', 200.00, '岗位津贴调整', 1, '2026-03-05 09:00:00', 1, '2026-03-05 09:00:00', 0, 0),
(46013, 44003, 21001, 'PERFORMANCE', 300.00, '月度绩效补差', 1, '2026-04-05 09:00:00', 1, '2026-04-05 09:00:00', 0, 0),
(46014, 44003, 21005, 'ALLOWANCE', 400.00, '岗位津贴调整', 1, '2026-04-05 09:00:00', 1, '2026-04-05 09:00:00', 0, 0),
(46015, 44003, 22004, 'PERFORMANCE', 200.00, '月度绩效补差', 1, '2026-04-05 09:00:00', 1, '2026-04-05 09:00:00', 0, 0),
(46016, 44003, 23003, 'ALLOWANCE', 300.00, '岗位津贴调整', 1, '2026-04-05 09:00:00', 1, '2026-04-05 09:00:00', 0, 0),
(46017, 44003, 24002, 'PERFORMANCE', 400.00, '月度绩效补差', 1, '2026-04-05 09:00:00', 1, '2026-04-05 09:00:00', 0, 0),
(46018, 44003, 24006, 'ALLOWANCE', 200.00, '岗位津贴调整', 1, '2026-04-05 09:00:00', 1, '2026-04-05 09:00:00', 0, 0),
(46019, 44003, 24010, 'PERFORMANCE', 300.00, '月度绩效补差', 1, '2026-04-05 09:00:00', 1, '2026-04-05 09:00:00', 0, 0),
(46020, 44004, 21004, 'ALLOWANCE', 400.00, '岗位津贴调整', 1, '2026-05-05 09:00:00', 1, '2026-05-05 09:00:00', 0, 0),
(46021, 44004, 22003, 'PERFORMANCE', 200.00, '月度绩效补差', 1, '2026-05-05 09:00:00', 1, '2026-05-05 09:00:00', 0, 0),
(46022, 44004, 23002, 'ALLOWANCE', 300.00, '岗位津贴调整', 1, '2026-05-05 09:00:00', 1, '2026-05-05 09:00:00', 0, 0),
(46023, 44004, 24001, 'PERFORMANCE', 400.00, '月度绩效补差', 1, '2026-05-05 09:00:00', 1, '2026-05-05 09:00:00', 0, 0),
(46024, 44004, 24005, 'ALLOWANCE', 200.00, '岗位津贴调整', 1, '2026-05-05 09:00:00', 1, '2026-05-05 09:00:00', 0, 0),
(46025, 44004, 24009, 'PERFORMANCE', 300.00, '月度绩效补差', 1, '2026-05-05 09:00:00', 1, '2026-05-05 09:00:00', 0, 0),
(46026, 44005, 21003, 'ALLOWANCE', 400.00, '岗位津贴调整', 1, '2026-06-05 09:00:00', 1, '2026-06-05 09:00:00', 0, 0),
(46027, 44005, 22002, 'PERFORMANCE', 200.00, '月度绩效补差', 1, '2026-06-05 09:00:00', 1, '2026-06-05 09:00:00', 0, 0),
(46028, 44005, 23001, 'ALLOWANCE', 300.00, '岗位津贴调整', 1, '2026-06-05 09:00:00', 1, '2026-06-05 09:00:00', 0, 0),
(46029, 44005, 23005, 'PERFORMANCE', 400.00, '月度绩效补差', 1, '2026-06-05 09:00:00', 1, '2026-06-05 09:00:00', 0, 0),
(46030, 44005, 24004, 'ALLOWANCE', 200.00, '岗位津贴调整', 1, '2026-06-05 09:00:00', 1, '2026-06-05 09:00:00', 0, 0),
(46031, 44005, 24008, 'PERFORMANCE', 300.00, '月度绩效补差', 1, '2026-06-05 09:00:00', 1, '2026-06-05 09:00:00', 0, 0),
(46032, 44006, 21002, 'ALLOWANCE', 400.00, '岗位津贴调整', 1, '2026-07-05 09:00:00', 1, '2026-07-05 09:00:00', 0, 0),
(46033, 44006, 22001, 'PERFORMANCE', 200.00, '月度绩效补差', 1, '2026-07-05 09:00:00', 1, '2026-07-05 09:00:00', 0, 0),
(46034, 44006, 22005, 'ALLOWANCE', 300.00, '岗位津贴调整', 1, '2026-07-05 09:00:00', 1, '2026-07-05 09:00:00', 0, 0),
(46035, 44006, 23004, 'PERFORMANCE', 400.00, '月度绩效补差', 1, '2026-07-05 09:00:00', 1, '2026-07-05 09:00:00', 0, 0),
(46036, 44006, 24003, 'ALLOWANCE', 200.00, '岗位津贴调整', 1, '2026-07-05 09:00:00', 1, '2026-07-05 09:00:00', 0, 0),
(46037, 44006, 24007, 'PERFORMANCE', 300.00, '月度绩效补差', 1, '2026-07-05 09:00:00', 1, '2026-07-05 09:00:00', 0, 0),
(46038, 44007, 21001, 'ALLOWANCE', 400.00, '岗位津贴调整', 1, '2026-07-19 10:00:00', 1, '2026-07-19 10:00:00', 0, 0),
(46039, 44007, 21005, 'PERFORMANCE', 200.00, '月度绩效补差', 1, '2026-07-19 10:00:00', 1, '2026-07-19 10:00:00', 0, 0),
(46040, 44007, 22004, 'ALLOWANCE', 300.00, '岗位津贴调整', 1, '2026-07-19 10:00:00', 1, '2026-07-19 10:00:00', 0, 0),
(46041, 44007, 23003, 'PERFORMANCE', 400.00, '月度绩效补差', 1, '2026-07-19 10:00:00', 1, '2026-07-19 10:00:00', 0, 0),
(46042, 44007, 24002, 'ALLOWANCE', 200.00, '岗位津贴调整', 1, '2026-07-19 10:00:00', 1, '2026-07-19 10:00:00', 0, 0),
(46043, 44007, 24006, 'PERFORMANCE', 300.00, '月度绩效补差', 1, '2026-07-19 10:00:00', 1, '2026-07-19 10:00:00', 0, 0),
(46044, 44007, 24010, 'ALLOWANCE', 400.00, '岗位津贴调整', 1, '2026-07-19 10:00:00', 1, '2026-07-19 10:00:00', 0, 0)
ON DUPLICATE KEY UPDATE `batch_id` = VALUES(`batch_id`), `employee_id` = VALUES(`employee_id`), `item_code` = VALUES(`item_code`), `adjust_amount` = VALUES(`adjust_amount`), `reason` = VALUES(`reason`), `update_by` = VALUES(`update_by`), `update_time` = VALUES(`update_time`), `is_deleted` = VALUES(`is_deleted`);

INSERT INTO `hr_salary_payslip_view_record` (`id`, `payslip_item_id`, `batch_id`, `employee_id`, `salary_month`, `first_view_time`, `last_view_time`, `view_count`, `create_by`, `create_time`, `update_by`, `update_time`, `is_deleted`, `version`, `remark`) VALUES
(47001, 45001, 44001, 21001, '2026-01', '2026-02-05 09:00:00', '2026-02-18 18:00:00', 3, 11001, '2026-02-05 09:00:00', 11001, '2026-02-18 18:00:00', 0, 0, '工资条查看记录'),
(47002, 45002, 44001, 21002, '2026-01', '2026-02-06 10:00:00', '2026-02-19 18:10:00', 4, 11002, '2026-02-06 10:00:00', 11002, '2026-02-19 18:10:00', 0, 0, '工资条查看记录'),
(47003, 45003, 44001, 21003, '2026-01', '2026-02-05 11:00:00', '2026-02-20 18:20:00', 1, 11003, '2026-02-05 11:00:00', 11003, '2026-02-20 18:20:00', 0, 0, '工资条查看记录'),
(47004, 45004, 44001, 21004, '2026-01', '2026-02-06 09:00:00', '2026-02-18 18:00:00', 2, 11004, '2026-02-06 09:00:00', 11004, '2026-02-18 18:00:00', 0, 0, '工资条查看记录'),
(47005, 45005, 44001, 21005, '2026-01', '2026-02-05 10:00:00', '2026-02-19 18:10:00', 3, 11005, '2026-02-05 10:00:00', 11005, '2026-02-19 18:10:00', 0, 0, '工资条查看记录'),
(47006, 45006, 44001, 22001, '2026-01', '2026-02-06 11:00:00', '2026-02-20 18:20:00', 4, 12001, '2026-02-06 11:00:00', 12001, '2026-02-20 18:20:00', 0, 0, '工资条查看记录'),
(47007, 45007, 44001, 22002, '2026-01', '2026-02-05 09:00:00', '2026-02-18 18:00:00', 1, 12002, '2026-02-05 09:00:00', 12002, '2026-02-18 18:00:00', 0, 0, '工资条查看记录'),
(47008, 45008, 44001, 22003, '2026-01', '2026-02-06 10:00:00', '2026-02-19 18:10:00', 2, 12003, '2026-02-06 10:00:00', 12003, '2026-02-19 18:10:00', 0, 0, '工资条查看记录'),
(47009, 45009, 44001, 22004, '2026-01', '2026-02-05 11:00:00', '2026-02-20 18:20:00', 3, 12004, '2026-02-05 11:00:00', 12004, '2026-02-20 18:20:00', 0, 0, '工资条查看记录'),
(47010, 45010, 44001, 22005, '2026-01', '2026-02-06 09:00:00', '2026-02-18 18:00:00', 4, 12005, '2026-02-06 09:00:00', 12005, '2026-02-18 18:00:00', 0, 0, '工资条查看记录'),
(47011, 45011, 44001, 23001, '2026-01', '2026-02-05 10:00:00', '2026-02-19 18:10:00', 1, 13001, '2026-02-05 10:00:00', 13001, '2026-02-19 18:10:00', 0, 0, '工资条查看记录'),
(47012, 45012, 44001, 23002, '2026-01', '2026-02-06 11:00:00', '2026-02-20 18:20:00', 2, 13002, '2026-02-06 11:00:00', 13002, '2026-02-20 18:20:00', 0, 0, '工资条查看记录'),
(47013, 45013, 44001, 23003, '2026-01', '2026-02-05 09:00:00', '2026-02-18 18:00:00', 3, 13003, '2026-02-05 09:00:00', 13003, '2026-02-18 18:00:00', 0, 0, '工资条查看记录'),
(47014, 45014, 44001, 23004, '2026-01', '2026-02-06 10:00:00', '2026-02-19 18:10:00', 4, 13004, '2026-02-06 10:00:00', 13004, '2026-02-19 18:10:00', 0, 0, '工资条查看记录'),
(47015, 45015, 44001, 23005, '2026-01', '2026-02-05 11:00:00', '2026-02-20 18:20:00', 1, 13005, '2026-02-05 11:00:00', 13005, '2026-02-20 18:20:00', 0, 0, '工资条查看记录'),
(47016, 45016, 44001, 24001, '2026-01', '2026-02-06 09:00:00', '2026-02-18 18:00:00', 2, 14001, '2026-02-06 09:00:00', 14001, '2026-02-18 18:00:00', 0, 0, '工资条查看记录'),
(47017, 45017, 44001, 24002, '2026-01', '2026-02-05 10:00:00', '2026-02-19 18:10:00', 3, 14002, '2026-02-05 10:00:00', 14002, '2026-02-19 18:10:00', 0, 0, '工资条查看记录'),
(47018, 45018, 44001, 24003, '2026-01', '2026-02-06 11:00:00', '2026-02-20 18:20:00', 4, 14003, '2026-02-06 11:00:00', 14003, '2026-02-20 18:20:00', 0, 0, '工资条查看记录'),
(47019, 45019, 44001, 24004, '2026-01', '2026-02-05 09:00:00', '2026-02-18 18:00:00', 1, 14004, '2026-02-05 09:00:00', 14004, '2026-02-18 18:00:00', 0, 0, '工资条查看记录'),
(47020, 45020, 44001, 24005, '2026-01', '2026-02-06 10:00:00', '2026-02-19 18:10:00', 2, 14005, '2026-02-06 10:00:00', 14005, '2026-02-19 18:10:00', 0, 0, '工资条查看记录'),
(47021, 45021, 44001, 24006, '2026-01', '2026-02-05 11:00:00', '2026-02-20 18:20:00', 3, 14006, '2026-02-05 11:00:00', 14006, '2026-02-20 18:20:00', 0, 0, '工资条查看记录'),
(47022, 45022, 44001, 24007, '2026-01', '2026-02-06 09:00:00', '2026-02-18 18:00:00', 4, 14007, '2026-02-06 09:00:00', 14007, '2026-02-18 18:00:00', 0, 0, '工资条查看记录'),
(47023, 45023, 44001, 24008, '2026-01', '2026-02-05 10:00:00', '2026-02-19 18:10:00', 1, 14008, '2026-02-05 10:00:00', 14008, '2026-02-19 18:10:00', 0, 0, '工资条查看记录'),
(47024, 45024, 44001, 24009, '2026-01', '2026-02-06 11:00:00', '2026-02-20 18:20:00', 2, 14009, '2026-02-06 11:00:00', 14009, '2026-02-20 18:20:00', 0, 0, '工资条查看记录'),
(47025, 45025, 44001, 24010, '2026-01', '2026-02-05 09:00:00', '2026-02-18 18:00:00', 3, 14010, '2026-02-05 09:00:00', 14010, '2026-02-18 18:00:00', 0, 0, '工资条查看记录'),
(47026, 45026, 44002, 21001, '2026-02', '2026-03-05 09:00:00', '2026-03-18 18:00:00', 4, 11001, '2026-03-05 09:00:00', 11001, '2026-03-18 18:00:00', 0, 0, '工资条查看记录'),
(47027, 45027, 44002, 21002, '2026-02', '2026-03-06 10:00:00', '2026-03-19 18:10:00', 1, 11002, '2026-03-06 10:00:00', 11002, '2026-03-19 18:10:00', 0, 0, '工资条查看记录'),
(47028, 45028, 44002, 21003, '2026-02', '2026-03-05 11:00:00', '2026-03-20 18:20:00', 2, 11003, '2026-03-05 11:00:00', 11003, '2026-03-20 18:20:00', 0, 0, '工资条查看记录'),
(47029, 45029, 44002, 21004, '2026-02', '2026-03-06 09:00:00', '2026-03-18 18:00:00', 3, 11004, '2026-03-06 09:00:00', 11004, '2026-03-18 18:00:00', 0, 0, '工资条查看记录'),
(47030, 45030, 44002, 21005, '2026-02', '2026-03-05 10:00:00', '2026-03-19 18:10:00', 4, 11005, '2026-03-05 10:00:00', 11005, '2026-03-19 18:10:00', 0, 0, '工资条查看记录'),
(47031, 45031, 44002, 22001, '2026-02', '2026-03-06 11:00:00', '2026-03-20 18:20:00', 1, 12001, '2026-03-06 11:00:00', 12001, '2026-03-20 18:20:00', 0, 0, '工资条查看记录'),
(47032, 45032, 44002, 22002, '2026-02', '2026-03-05 09:00:00', '2026-03-18 18:00:00', 2, 12002, '2026-03-05 09:00:00', 12002, '2026-03-18 18:00:00', 0, 0, '工资条查看记录'),
(47033, 45033, 44002, 22003, '2026-02', '2026-03-06 10:00:00', '2026-03-19 18:10:00', 3, 12003, '2026-03-06 10:00:00', 12003, '2026-03-19 18:10:00', 0, 0, '工资条查看记录'),
(47034, 45034, 44002, 22004, '2026-02', '2026-03-05 11:00:00', '2026-03-20 18:20:00', 4, 12004, '2026-03-05 11:00:00', 12004, '2026-03-20 18:20:00', 0, 0, '工资条查看记录'),
(47035, 45035, 44002, 22005, '2026-02', '2026-03-06 09:00:00', '2026-03-18 18:00:00', 1, 12005, '2026-03-06 09:00:00', 12005, '2026-03-18 18:00:00', 0, 0, '工资条查看记录'),
(47036, 45036, 44002, 23001, '2026-02', '2026-03-05 10:00:00', '2026-03-19 18:10:00', 2, 13001, '2026-03-05 10:00:00', 13001, '2026-03-19 18:10:00', 0, 0, '工资条查看记录'),
(47037, 45037, 44002, 23002, '2026-02', '2026-03-06 11:00:00', '2026-03-20 18:20:00', 3, 13002, '2026-03-06 11:00:00', 13002, '2026-03-20 18:20:00', 0, 0, '工资条查看记录'),
(47038, 45038, 44002, 23003, '2026-02', '2026-03-05 09:00:00', '2026-03-18 18:00:00', 4, 13003, '2026-03-05 09:00:00', 13003, '2026-03-18 18:00:00', 0, 0, '工资条查看记录'),
(47039, 45039, 44002, 23004, '2026-02', '2026-03-06 10:00:00', '2026-03-19 18:10:00', 1, 13004, '2026-03-06 10:00:00', 13004, '2026-03-19 18:10:00', 0, 0, '工资条查看记录'),
(47040, 45040, 44002, 23005, '2026-02', '2026-03-05 11:00:00', '2026-03-20 18:20:00', 2, 13005, '2026-03-05 11:00:00', 13005, '2026-03-20 18:20:00', 0, 0, '工资条查看记录'),
(47041, 45041, 44002, 24001, '2026-02', '2026-03-06 09:00:00', '2026-03-18 18:00:00', 3, 14001, '2026-03-06 09:00:00', 14001, '2026-03-18 18:00:00', 0, 0, '工资条查看记录'),
(47042, 45042, 44002, 24002, '2026-02', '2026-03-05 10:00:00', '2026-03-19 18:10:00', 4, 14002, '2026-03-05 10:00:00', 14002, '2026-03-19 18:10:00', 0, 0, '工资条查看记录'),
(47043, 45043, 44002, 24003, '2026-02', '2026-03-06 11:00:00', '2026-03-20 18:20:00', 1, 14003, '2026-03-06 11:00:00', 14003, '2026-03-20 18:20:00', 0, 0, '工资条查看记录'),
(47044, 45044, 44002, 24004, '2026-02', '2026-03-05 09:00:00', '2026-03-18 18:00:00', 2, 14004, '2026-03-05 09:00:00', 14004, '2026-03-18 18:00:00', 0, 0, '工资条查看记录'),
(47045, 45045, 44002, 24005, '2026-02', '2026-03-06 10:00:00', '2026-03-19 18:10:00', 3, 14005, '2026-03-06 10:00:00', 14005, '2026-03-19 18:10:00', 0, 0, '工资条查看记录'),
(47046, 45046, 44002, 24006, '2026-02', '2026-03-05 11:00:00', '2026-03-20 18:20:00', 4, 14006, '2026-03-05 11:00:00', 14006, '2026-03-20 18:20:00', 0, 0, '工资条查看记录'),
(47047, 45047, 44002, 24007, '2026-02', '2026-03-06 09:00:00', '2026-03-18 18:00:00', 1, 14007, '2026-03-06 09:00:00', 14007, '2026-03-18 18:00:00', 0, 0, '工资条查看记录'),
(47048, 45048, 44002, 24008, '2026-02', '2026-03-05 10:00:00', '2026-03-19 18:10:00', 2, 14008, '2026-03-05 10:00:00', 14008, '2026-03-19 18:10:00', 0, 0, '工资条查看记录'),
(47049, 45049, 44002, 24009, '2026-02', '2026-03-06 11:00:00', '2026-03-20 18:20:00', 3, 14009, '2026-03-06 11:00:00', 14009, '2026-03-20 18:20:00', 0, 0, '工资条查看记录'),
(47050, 45050, 44002, 24010, '2026-02', '2026-03-05 09:00:00', '2026-03-18 18:00:00', 4, 14010, '2026-03-05 09:00:00', 14010, '2026-03-18 18:00:00', 0, 0, '工资条查看记录'),
(47051, 45051, 44003, 21001, '2026-03', '2026-04-05 09:00:00', '2026-04-18 18:00:00', 1, 11001, '2026-04-05 09:00:00', 11001, '2026-04-18 18:00:00', 0, 0, '工资条查看记录'),
(47052, 45052, 44003, 21002, '2026-03', '2026-04-06 10:00:00', '2026-04-19 18:10:00', 2, 11002, '2026-04-06 10:00:00', 11002, '2026-04-19 18:10:00', 0, 0, '工资条查看记录'),
(47053, 45053, 44003, 21003, '2026-03', '2026-04-05 11:00:00', '2026-04-20 18:20:00', 3, 11003, '2026-04-05 11:00:00', 11003, '2026-04-20 18:20:00', 0, 0, '工资条查看记录'),
(47054, 45054, 44003, 21004, '2026-03', '2026-04-06 09:00:00', '2026-04-18 18:00:00', 4, 11004, '2026-04-06 09:00:00', 11004, '2026-04-18 18:00:00', 0, 0, '工资条查看记录'),
(47055, 45055, 44003, 21005, '2026-03', '2026-04-05 10:00:00', '2026-04-19 18:10:00', 1, 11005, '2026-04-05 10:00:00', 11005, '2026-04-19 18:10:00', 0, 0, '工资条查看记录'),
(47056, 45056, 44003, 22001, '2026-03', '2026-04-06 11:00:00', '2026-04-20 18:20:00', 2, 12001, '2026-04-06 11:00:00', 12001, '2026-04-20 18:20:00', 0, 0, '工资条查看记录'),
(47057, 45057, 44003, 22002, '2026-03', '2026-04-05 09:00:00', '2026-04-18 18:00:00', 3, 12002, '2026-04-05 09:00:00', 12002, '2026-04-18 18:00:00', 0, 0, '工资条查看记录'),
(47058, 45058, 44003, 22003, '2026-03', '2026-04-06 10:00:00', '2026-04-19 18:10:00', 4, 12003, '2026-04-06 10:00:00', 12003, '2026-04-19 18:10:00', 0, 0, '工资条查看记录'),
(47059, 45059, 44003, 22004, '2026-03', '2026-04-05 11:00:00', '2026-04-20 18:20:00', 1, 12004, '2026-04-05 11:00:00', 12004, '2026-04-20 18:20:00', 0, 0, '工资条查看记录'),
(47060, 45060, 44003, 22005, '2026-03', '2026-04-06 09:00:00', '2026-04-18 18:00:00', 2, 12005, '2026-04-06 09:00:00', 12005, '2026-04-18 18:00:00', 0, 0, '工资条查看记录'),
(47061, 45061, 44003, 23001, '2026-03', '2026-04-05 10:00:00', '2026-04-19 18:10:00', 3, 13001, '2026-04-05 10:00:00', 13001, '2026-04-19 18:10:00', 0, 0, '工资条查看记录'),
(47062, 45062, 44003, 23002, '2026-03', '2026-04-06 11:00:00', '2026-04-20 18:20:00', 4, 13002, '2026-04-06 11:00:00', 13002, '2026-04-20 18:20:00', 0, 0, '工资条查看记录'),
(47063, 45063, 44003, 23003, '2026-03', '2026-04-05 09:00:00', '2026-04-18 18:00:00', 1, 13003, '2026-04-05 09:00:00', 13003, '2026-04-18 18:00:00', 0, 0, '工资条查看记录'),
(47064, 45064, 44003, 23004, '2026-03', '2026-04-06 10:00:00', '2026-04-19 18:10:00', 2, 13004, '2026-04-06 10:00:00', 13004, '2026-04-19 18:10:00', 0, 0, '工资条查看记录'),
(47065, 45065, 44003, 23005, '2026-03', '2026-04-05 11:00:00', '2026-04-20 18:20:00', 3, 13005, '2026-04-05 11:00:00', 13005, '2026-04-20 18:20:00', 0, 0, '工资条查看记录'),
(47066, 45066, 44003, 24001, '2026-03', '2026-04-06 09:00:00', '2026-04-18 18:00:00', 4, 14001, '2026-04-06 09:00:00', 14001, '2026-04-18 18:00:00', 0, 0, '工资条查看记录'),
(47067, 45067, 44003, 24002, '2026-03', '2026-04-05 10:00:00', '2026-04-19 18:10:00', 1, 14002, '2026-04-05 10:00:00', 14002, '2026-04-19 18:10:00', 0, 0, '工资条查看记录'),
(47068, 45068, 44003, 24003, '2026-03', '2026-04-06 11:00:00', '2026-04-20 18:20:00', 2, 14003, '2026-04-06 11:00:00', 14003, '2026-04-20 18:20:00', 0, 0, '工资条查看记录'),
(47069, 45069, 44003, 24004, '2026-03', '2026-04-05 09:00:00', '2026-04-18 18:00:00', 3, 14004, '2026-04-05 09:00:00', 14004, '2026-04-18 18:00:00', 0, 0, '工资条查看记录'),
(47070, 45070, 44003, 24005, '2026-03', '2026-04-06 10:00:00', '2026-04-19 18:10:00', 4, 14005, '2026-04-06 10:00:00', 14005, '2026-04-19 18:10:00', 0, 0, '工资条查看记录'),
(47071, 45071, 44003, 24006, '2026-03', '2026-04-05 11:00:00', '2026-04-20 18:20:00', 1, 14006, '2026-04-05 11:00:00', 14006, '2026-04-20 18:20:00', 0, 0, '工资条查看记录'),
(47072, 45072, 44003, 24007, '2026-03', '2026-04-06 09:00:00', '2026-04-18 18:00:00', 2, 14007, '2026-04-06 09:00:00', 14007, '2026-04-18 18:00:00', 0, 0, '工资条查看记录'),
(47073, 45073, 44003, 24008, '2026-03', '2026-04-05 10:00:00', '2026-04-19 18:10:00', 3, 14008, '2026-04-05 10:00:00', 14008, '2026-04-19 18:10:00', 0, 0, '工资条查看记录'),
(47074, 45074, 44003, 24009, '2026-03', '2026-04-06 11:00:00', '2026-04-20 18:20:00', 4, 14009, '2026-04-06 11:00:00', 14009, '2026-04-20 18:20:00', 0, 0, '工资条查看记录'),
(47075, 45075, 44003, 24010, '2026-03', '2026-04-05 09:00:00', '2026-04-18 18:00:00', 1, 14010, '2026-04-05 09:00:00', 14010, '2026-04-18 18:00:00', 0, 0, '工资条查看记录'),
(47076, 45076, 44004, 21001, '2026-04', '2026-05-05 09:00:00', '2026-05-18 18:00:00', 2, 11001, '2026-05-05 09:00:00', 11001, '2026-05-18 18:00:00', 0, 0, '工资条查看记录'),
(47077, 45077, 44004, 21002, '2026-04', '2026-05-06 10:00:00', '2026-05-19 18:10:00', 3, 11002, '2026-05-06 10:00:00', 11002, '2026-05-19 18:10:00', 0, 0, '工资条查看记录'),
(47078, 45078, 44004, 21003, '2026-04', '2026-05-05 11:00:00', '2026-05-20 18:20:00', 4, 11003, '2026-05-05 11:00:00', 11003, '2026-05-20 18:20:00', 0, 0, '工资条查看记录'),
(47079, 45079, 44004, 21004, '2026-04', '2026-05-06 09:00:00', '2026-05-18 18:00:00', 1, 11004, '2026-05-06 09:00:00', 11004, '2026-05-18 18:00:00', 0, 0, '工资条查看记录'),
(47080, 45080, 44004, 21005, '2026-04', '2026-05-05 10:00:00', '2026-05-19 18:10:00', 2, 11005, '2026-05-05 10:00:00', 11005, '2026-05-19 18:10:00', 0, 0, '工资条查看记录'),
(47081, 45081, 44004, 22001, '2026-04', '2026-05-06 11:00:00', '2026-05-20 18:20:00', 3, 12001, '2026-05-06 11:00:00', 12001, '2026-05-20 18:20:00', 0, 0, '工资条查看记录'),
(47082, 45082, 44004, 22002, '2026-04', '2026-05-05 09:00:00', '2026-05-18 18:00:00', 4, 12002, '2026-05-05 09:00:00', 12002, '2026-05-18 18:00:00', 0, 0, '工资条查看记录'),
(47083, 45083, 44004, 22003, '2026-04', '2026-05-06 10:00:00', '2026-05-19 18:10:00', 1, 12003, '2026-05-06 10:00:00', 12003, '2026-05-19 18:10:00', 0, 0, '工资条查看记录'),
(47084, 45084, 44004, 22004, '2026-04', '2026-05-05 11:00:00', '2026-05-20 18:20:00', 2, 12004, '2026-05-05 11:00:00', 12004, '2026-05-20 18:20:00', 0, 0, '工资条查看记录'),
(47085, 45085, 44004, 22005, '2026-04', '2026-05-06 09:00:00', '2026-05-18 18:00:00', 3, 12005, '2026-05-06 09:00:00', 12005, '2026-05-18 18:00:00', 0, 0, '工资条查看记录'),
(47086, 45086, 44004, 23001, '2026-04', '2026-05-05 10:00:00', '2026-05-19 18:10:00', 4, 13001, '2026-05-05 10:00:00', 13001, '2026-05-19 18:10:00', 0, 0, '工资条查看记录'),
(47087, 45087, 44004, 23002, '2026-04', '2026-05-06 11:00:00', '2026-05-20 18:20:00', 1, 13002, '2026-05-06 11:00:00', 13002, '2026-05-20 18:20:00', 0, 0, '工资条查看记录'),
(47088, 45088, 44004, 23003, '2026-04', '2026-05-05 09:00:00', '2026-05-18 18:00:00', 2, 13003, '2026-05-05 09:00:00', 13003, '2026-05-18 18:00:00', 0, 0, '工资条查看记录'),
(47089, 45089, 44004, 23004, '2026-04', '2026-05-06 10:00:00', '2026-05-19 18:10:00', 3, 13004, '2026-05-06 10:00:00', 13004, '2026-05-19 18:10:00', 0, 0, '工资条查看记录'),
(47090, 45090, 44004, 23005, '2026-04', '2026-05-05 11:00:00', '2026-05-20 18:20:00', 4, 13005, '2026-05-05 11:00:00', 13005, '2026-05-20 18:20:00', 0, 0, '工资条查看记录'),
(47091, 45091, 44004, 24001, '2026-04', '2026-05-06 09:00:00', '2026-05-18 18:00:00', 1, 14001, '2026-05-06 09:00:00', 14001, '2026-05-18 18:00:00', 0, 0, '工资条查看记录'),
(47092, 45092, 44004, 24002, '2026-04', '2026-05-05 10:00:00', '2026-05-19 18:10:00', 2, 14002, '2026-05-05 10:00:00', 14002, '2026-05-19 18:10:00', 0, 0, '工资条查看记录'),
(47093, 45093, 44004, 24003, '2026-04', '2026-05-06 11:00:00', '2026-05-20 18:20:00', 3, 14003, '2026-05-06 11:00:00', 14003, '2026-05-20 18:20:00', 0, 0, '工资条查看记录'),
(47094, 45094, 44004, 24004, '2026-04', '2026-05-05 09:00:00', '2026-05-18 18:00:00', 4, 14004, '2026-05-05 09:00:00', 14004, '2026-05-18 18:00:00', 0, 0, '工资条查看记录'),
(47095, 45095, 44004, 24005, '2026-04', '2026-05-06 10:00:00', '2026-05-19 18:10:00', 1, 14005, '2026-05-06 10:00:00', 14005, '2026-05-19 18:10:00', 0, 0, '工资条查看记录'),
(47096, 45096, 44004, 24006, '2026-04', '2026-05-05 11:00:00', '2026-05-20 18:20:00', 2, 14006, '2026-05-05 11:00:00', 14006, '2026-05-20 18:20:00', 0, 0, '工资条查看记录'),
(47097, 45097, 44004, 24007, '2026-04', '2026-05-06 09:00:00', '2026-05-18 18:00:00', 3, 14007, '2026-05-06 09:00:00', 14007, '2026-05-18 18:00:00', 0, 0, '工资条查看记录'),
(47098, 45098, 44004, 24008, '2026-04', '2026-05-05 10:00:00', '2026-05-19 18:10:00', 4, 14008, '2026-05-05 10:00:00', 14008, '2026-05-19 18:10:00', 0, 0, '工资条查看记录'),
(47099, 45099, 44004, 24009, '2026-04', '2026-05-06 11:00:00', '2026-05-20 18:20:00', 1, 14009, '2026-05-06 11:00:00', 14009, '2026-05-20 18:20:00', 0, 0, '工资条查看记录'),
(47100, 45100, 44004, 24010, '2026-04', '2026-05-05 09:00:00', '2026-05-18 18:00:00', 2, 14010, '2026-05-05 09:00:00', 14010, '2026-05-18 18:00:00', 0, 0, '工资条查看记录'),
(47101, 45101, 44005, 21001, '2026-05', '2026-06-05 09:00:00', '2026-06-18 18:00:00', 3, 11001, '2026-06-05 09:00:00', 11001, '2026-06-18 18:00:00', 0, 0, '工资条查看记录'),
(47102, 45102, 44005, 21002, '2026-05', '2026-06-06 10:00:00', '2026-06-19 18:10:00', 4, 11002, '2026-06-06 10:00:00', 11002, '2026-06-19 18:10:00', 0, 0, '工资条查看记录'),
(47103, 45103, 44005, 21003, '2026-05', '2026-06-05 11:00:00', '2026-06-20 18:20:00', 1, 11003, '2026-06-05 11:00:00', 11003, '2026-06-20 18:20:00', 0, 0, '工资条查看记录'),
(47104, 45104, 44005, 21004, '2026-05', '2026-06-06 09:00:00', '2026-06-18 18:00:00', 2, 11004, '2026-06-06 09:00:00', 11004, '2026-06-18 18:00:00', 0, 0, '工资条查看记录'),
(47105, 45105, 44005, 21005, '2026-05', '2026-06-05 10:00:00', '2026-06-19 18:10:00', 3, 11005, '2026-06-05 10:00:00', 11005, '2026-06-19 18:10:00', 0, 0, '工资条查看记录'),
(47106, 45106, 44005, 22001, '2026-05', '2026-06-06 11:00:00', '2026-06-20 18:20:00', 4, 12001, '2026-06-06 11:00:00', 12001, '2026-06-20 18:20:00', 0, 0, '工资条查看记录'),
(47107, 45107, 44005, 22002, '2026-05', '2026-06-05 09:00:00', '2026-06-18 18:00:00', 1, 12002, '2026-06-05 09:00:00', 12002, '2026-06-18 18:00:00', 0, 0, '工资条查看记录'),
(47108, 45108, 44005, 22003, '2026-05', '2026-06-06 10:00:00', '2026-06-19 18:10:00', 2, 12003, '2026-06-06 10:00:00', 12003, '2026-06-19 18:10:00', 0, 0, '工资条查看记录'),
(47109, 45109, 44005, 22004, '2026-05', '2026-06-05 11:00:00', '2026-06-20 18:20:00', 3, 12004, '2026-06-05 11:00:00', 12004, '2026-06-20 18:20:00', 0, 0, '工资条查看记录'),
(47110, 45110, 44005, 22005, '2026-05', '2026-06-06 09:00:00', '2026-06-18 18:00:00', 4, 12005, '2026-06-06 09:00:00', 12005, '2026-06-18 18:00:00', 0, 0, '工资条查看记录'),
(47111, 45111, 44005, 23001, '2026-05', '2026-06-05 10:00:00', '2026-06-19 18:10:00', 1, 13001, '2026-06-05 10:00:00', 13001, '2026-06-19 18:10:00', 0, 0, '工资条查看记录'),
(47112, 45112, 44005, 23002, '2026-05', '2026-06-06 11:00:00', '2026-06-20 18:20:00', 2, 13002, '2026-06-06 11:00:00', 13002, '2026-06-20 18:20:00', 0, 0, '工资条查看记录'),
(47113, 45113, 44005, 23003, '2026-05', '2026-06-05 09:00:00', '2026-06-18 18:00:00', 3, 13003, '2026-06-05 09:00:00', 13003, '2026-06-18 18:00:00', 0, 0, '工资条查看记录'),
(47114, 45114, 44005, 23004, '2026-05', '2026-06-06 10:00:00', '2026-06-19 18:10:00', 4, 13004, '2026-06-06 10:00:00', 13004, '2026-06-19 18:10:00', 0, 0, '工资条查看记录'),
(47115, 45115, 44005, 23005, '2026-05', '2026-06-05 11:00:00', '2026-06-20 18:20:00', 1, 13005, '2026-06-05 11:00:00', 13005, '2026-06-20 18:20:00', 0, 0, '工资条查看记录'),
(47116, 45116, 44005, 24001, '2026-05', '2026-06-06 09:00:00', '2026-06-18 18:00:00', 2, 14001, '2026-06-06 09:00:00', 14001, '2026-06-18 18:00:00', 0, 0, '工资条查看记录'),
(47117, 45117, 44005, 24002, '2026-05', '2026-06-05 10:00:00', '2026-06-19 18:10:00', 3, 14002, '2026-06-05 10:00:00', 14002, '2026-06-19 18:10:00', 0, 0, '工资条查看记录'),
(47118, 45118, 44005, 24003, '2026-05', '2026-06-06 11:00:00', '2026-06-20 18:20:00', 4, 14003, '2026-06-06 11:00:00', 14003, '2026-06-20 18:20:00', 0, 0, '工资条查看记录'),
(47119, 45119, 44005, 24004, '2026-05', '2026-06-05 09:00:00', '2026-06-18 18:00:00', 1, 14004, '2026-06-05 09:00:00', 14004, '2026-06-18 18:00:00', 0, 0, '工资条查看记录'),
(47120, 45120, 44005, 24005, '2026-05', '2026-06-06 10:00:00', '2026-06-19 18:10:00', 2, 14005, '2026-06-06 10:00:00', 14005, '2026-06-19 18:10:00', 0, 0, '工资条查看记录'),
(47121, 45121, 44005, 24006, '2026-05', '2026-06-05 11:00:00', '2026-06-20 18:20:00', 3, 14006, '2026-06-05 11:00:00', 14006, '2026-06-20 18:20:00', 0, 0, '工资条查看记录'),
(47122, 45122, 44005, 24007, '2026-05', '2026-06-06 09:00:00', '2026-06-18 18:00:00', 4, 14007, '2026-06-06 09:00:00', 14007, '2026-06-18 18:00:00', 0, 0, '工资条查看记录'),
(47123, 45123, 44005, 24008, '2026-05', '2026-06-05 10:00:00', '2026-06-19 18:10:00', 1, 14008, '2026-06-05 10:00:00', 14008, '2026-06-19 18:10:00', 0, 0, '工资条查看记录'),
(47124, 45124, 44005, 24009, '2026-05', '2026-06-06 11:00:00', '2026-06-20 18:20:00', 2, 14009, '2026-06-06 11:00:00', 14009, '2026-06-20 18:20:00', 0, 0, '工资条查看记录'),
(47125, 45125, 44005, 24010, '2026-05', '2026-06-05 09:00:00', '2026-06-18 18:00:00', 3, 14010, '2026-06-05 09:00:00', 14010, '2026-06-18 18:00:00', 0, 0, '工资条查看记录'),
(47126, 45126, 44006, 21001, '2026-06', '2026-07-05 09:00:00', '2026-07-18 18:00:00', 4, 11001, '2026-07-05 09:00:00', 11001, '2026-07-18 18:00:00', 0, 0, '工资条查看记录'),
(47127, 45127, 44006, 21002, '2026-06', '2026-07-06 10:00:00', '2026-07-19 18:10:00', 1, 11002, '2026-07-06 10:00:00', 11002, '2026-07-19 18:10:00', 0, 0, '工资条查看记录'),
(47128, 45128, 44006, 21003, '2026-06', '2026-07-05 11:00:00', '2026-07-20 18:20:00', 2, 11003, '2026-07-05 11:00:00', 11003, '2026-07-20 18:20:00', 0, 0, '工资条查看记录'),
(47129, 45129, 44006, 21004, '2026-06', '2026-07-06 09:00:00', '2026-07-18 18:00:00', 3, 11004, '2026-07-06 09:00:00', 11004, '2026-07-18 18:00:00', 0, 0, '工资条查看记录'),
(47130, 45130, 44006, 21005, '2026-06', '2026-07-05 10:00:00', '2026-07-19 18:10:00', 4, 11005, '2026-07-05 10:00:00', 11005, '2026-07-19 18:10:00', 0, 0, '工资条查看记录'),
(47131, 45131, 44006, 22001, '2026-06', '2026-07-06 11:00:00', '2026-07-20 18:20:00', 1, 12001, '2026-07-06 11:00:00', 12001, '2026-07-20 18:20:00', 0, 0, '工资条查看记录'),
(47132, 45132, 44006, 22002, '2026-06', '2026-07-05 09:00:00', '2026-07-18 18:00:00', 2, 12002, '2026-07-05 09:00:00', 12002, '2026-07-18 18:00:00', 0, 0, '工资条查看记录'),
(47133, 45133, 44006, 22003, '2026-06', '2026-07-06 10:00:00', '2026-07-19 18:10:00', 3, 12003, '2026-07-06 10:00:00', 12003, '2026-07-19 18:10:00', 0, 0, '工资条查看记录'),
(47134, 45134, 44006, 22004, '2026-06', '2026-07-05 11:00:00', '2026-07-20 18:20:00', 4, 12004, '2026-07-05 11:00:00', 12004, '2026-07-20 18:20:00', 0, 0, '工资条查看记录'),
(47135, 45135, 44006, 22005, '2026-06', '2026-07-06 09:00:00', '2026-07-18 18:00:00', 1, 12005, '2026-07-06 09:00:00', 12005, '2026-07-18 18:00:00', 0, 0, '工资条查看记录'),
(47136, 45136, 44006, 23001, '2026-06', '2026-07-05 10:00:00', '2026-07-19 18:10:00', 2, 13001, '2026-07-05 10:00:00', 13001, '2026-07-19 18:10:00', 0, 0, '工资条查看记录'),
(47137, 45137, 44006, 23002, '2026-06', '2026-07-06 11:00:00', '2026-07-20 18:20:00', 3, 13002, '2026-07-06 11:00:00', 13002, '2026-07-20 18:20:00', 0, 0, '工资条查看记录'),
(47138, 45138, 44006, 23003, '2026-06', '2026-07-05 09:00:00', '2026-07-18 18:00:00', 4, 13003, '2026-07-05 09:00:00', 13003, '2026-07-18 18:00:00', 0, 0, '工资条查看记录'),
(47139, 45139, 44006, 23004, '2026-06', '2026-07-06 10:00:00', '2026-07-19 18:10:00', 1, 13004, '2026-07-06 10:00:00', 13004, '2026-07-19 18:10:00', 0, 0, '工资条查看记录'),
(47140, 45140, 44006, 23005, '2026-06', '2026-07-05 11:00:00', '2026-07-20 18:20:00', 2, 13005, '2026-07-05 11:00:00', 13005, '2026-07-20 18:20:00', 0, 0, '工资条查看记录'),
(47141, 45141, 44006, 24001, '2026-06', '2026-07-06 09:00:00', '2026-07-18 18:00:00', 3, 14001, '2026-07-06 09:00:00', 14001, '2026-07-18 18:00:00', 0, 0, '工资条查看记录'),
(47142, 45142, 44006, 24002, '2026-06', '2026-07-05 10:00:00', '2026-07-19 18:10:00', 4, 14002, '2026-07-05 10:00:00', 14002, '2026-07-19 18:10:00', 0, 0, '工资条查看记录'),
(47143, 45143, 44006, 24003, '2026-06', '2026-07-06 11:00:00', '2026-07-20 18:20:00', 1, 14003, '2026-07-06 11:00:00', 14003, '2026-07-20 18:20:00', 0, 0, '工资条查看记录'),
(47144, 45144, 44006, 24004, '2026-06', '2026-07-05 09:00:00', '2026-07-18 18:00:00', 2, 14004, '2026-07-05 09:00:00', 14004, '2026-07-18 18:00:00', 0, 0, '工资条查看记录'),
(47145, 45145, 44006, 24005, '2026-06', '2026-07-06 10:00:00', '2026-07-19 18:10:00', 3, 14005, '2026-07-06 10:00:00', 14005, '2026-07-19 18:10:00', 0, 0, '工资条查看记录'),
(47146, 45146, 44006, 24006, '2026-06', '2026-07-05 11:00:00', '2026-07-20 18:20:00', 4, 14006, '2026-07-05 11:00:00', 14006, '2026-07-20 18:20:00', 0, 0, '工资条查看记录'),
(47147, 45147, 44006, 24007, '2026-06', '2026-07-06 09:00:00', '2026-07-18 18:00:00', 1, 14007, '2026-07-06 09:00:00', 14007, '2026-07-18 18:00:00', 0, 0, '工资条查看记录'),
(47148, 45148, 44006, 24008, '2026-06', '2026-07-05 10:00:00', '2026-07-19 18:10:00', 2, 14008, '2026-07-05 10:00:00', 14008, '2026-07-19 18:10:00', 0, 0, '工资条查看记录'),
(47149, 45149, 44006, 24009, '2026-06', '2026-07-06 11:00:00', '2026-07-20 18:20:00', 3, 14009, '2026-07-06 11:00:00', 14009, '2026-07-20 18:20:00', 0, 0, '工资条查看记录'),
(47150, 45150, 44006, 24010, '2026-06', '2026-07-05 09:00:00', '2026-07-18 18:00:00', 4, 14010, '2026-07-05 09:00:00', 14010, '2026-07-18 18:00:00', 0, 0, '工资条查看记录'),
(47151, 45151, 44007, 21001, '2026-07', '2026-07-08 09:00:00', '2026-07-12 18:00:00', 1, 11001, '2026-07-08 09:00:00', 11001, '2026-07-12 18:00:00', 0, 0, '工资条查看记录'),
(47152, 45152, 44007, 21002, '2026-07', '2026-07-09 10:00:00', '2026-07-13 18:10:00', 2, 11002, '2026-07-09 10:00:00', 11002, '2026-07-13 18:10:00', 0, 0, '工资条查看记录'),
(47153, 45153, 44007, 21003, '2026-07', '2026-07-10 11:00:00', '2026-07-14 18:20:00', 3, 11003, '2026-07-10 11:00:00', 11003, '2026-07-14 18:20:00', 0, 0, '工资条查看记录'),
(47154, 45154, 44007, 21004, '2026-07', '2026-07-08 12:00:00', '2026-07-15 18:00:00', 4, 11004, '2026-07-08 12:00:00', 11004, '2026-07-15 18:00:00', 0, 0, '工资条查看记录'),
(47155, 45155, 44007, 21005, '2026-07', '2026-07-09 09:00:00', '2026-07-16 18:10:00', 1, 11005, '2026-07-09 09:00:00', 11005, '2026-07-16 18:10:00', 0, 0, '工资条查看记录'),
(47156, 45156, 44007, 22001, '2026-07', '2026-07-10 10:00:00', '2026-07-17 18:20:00', 2, 12001, '2026-07-10 10:00:00', 12001, '2026-07-17 18:20:00', 0, 0, '工资条查看记录'),
(47157, 45157, 44007, 22002, '2026-07', '2026-07-08 11:00:00', '2026-07-12 18:00:00', 3, 12002, '2026-07-08 11:00:00', 12002, '2026-07-12 18:00:00', 0, 0, '工资条查看记录'),
(47158, 45158, 44007, 22003, '2026-07', '2026-07-09 12:00:00', '2026-07-13 18:10:00', 4, 12003, '2026-07-09 12:00:00', 12003, '2026-07-13 18:10:00', 0, 0, '工资条查看记录'),
(47159, 45159, 44007, 22004, '2026-07', '2026-07-10 09:00:00', '2026-07-14 18:20:00', 1, 12004, '2026-07-10 09:00:00', 12004, '2026-07-14 18:20:00', 0, 0, '工资条查看记录'),
(47160, 45160, 44007, 22005, '2026-07', '2026-07-08 10:00:00', '2026-07-15 18:00:00', 2, 12005, '2026-07-08 10:00:00', 12005, '2026-07-15 18:00:00', 0, 0, '工资条查看记录'),
(47161, 45161, 44007, 23001, '2026-07', '2026-07-09 11:00:00', '2026-07-16 18:10:00', 3, 13001, '2026-07-09 11:00:00', 13001, '2026-07-16 18:10:00', 0, 0, '工资条查看记录'),
(47162, 45162, 44007, 23002, '2026-07', '2026-07-10 12:00:00', '2026-07-17 18:20:00', 4, 13002, '2026-07-10 12:00:00', 13002, '2026-07-17 18:20:00', 0, 0, '工资条查看记录'),
(47163, 45163, 44007, 23003, '2026-07', '2026-07-08 09:00:00', '2026-07-12 18:00:00', 1, 13003, '2026-07-08 09:00:00', 13003, '2026-07-12 18:00:00', 0, 0, '工资条查看记录'),
(47164, 45164, 44007, 23004, '2026-07', '2026-07-09 10:00:00', '2026-07-13 18:10:00', 2, 13004, '2026-07-09 10:00:00', 13004, '2026-07-13 18:10:00', 0, 0, '工资条查看记录'),
(47165, 45165, 44007, 23005, '2026-07', '2026-07-10 11:00:00', '2026-07-14 18:20:00', 3, 13005, '2026-07-10 11:00:00', 13005, '2026-07-14 18:20:00', 0, 0, '工资条查看记录'),
(47166, 45166, 44007, 24001, '2026-07', '2026-07-08 12:00:00', '2026-07-15 18:00:00', 4, 14001, '2026-07-08 12:00:00', 14001, '2026-07-15 18:00:00', 0, 0, '工资条查看记录'),
(47167, 45167, 44007, 24002, '2026-07', '2026-07-09 09:00:00', '2026-07-16 18:10:00', 1, 14002, '2026-07-09 09:00:00', 14002, '2026-07-16 18:10:00', 0, 0, '工资条查看记录'),
(47168, 45168, 44007, 24003, '2026-07', '2026-07-10 10:00:00', '2026-07-17 18:20:00', 2, 14003, '2026-07-10 10:00:00', 14003, '2026-07-17 18:20:00', 0, 0, '工资条查看记录'),
(47169, 45169, 44007, 24004, '2026-07', '2026-07-08 11:00:00', '2026-07-12 18:00:00', 3, 14004, '2026-07-08 11:00:00', 14004, '2026-07-12 18:00:00', 0, 0, '工资条查看记录'),
(47170, 45170, 44007, 24005, '2026-07', '2026-07-09 12:00:00', '2026-07-13 18:10:00', 4, 14005, '2026-07-09 12:00:00', 14005, '2026-07-13 18:10:00', 0, 0, '工资条查看记录'),
(47171, 45171, 44007, 24006, '2026-07', '2026-07-10 09:00:00', '2026-07-14 18:20:00', 1, 14006, '2026-07-10 09:00:00', 14006, '2026-07-14 18:20:00', 0, 0, '工资条查看记录'),
(47172, 45172, 44007, 24007, '2026-07', '2026-07-08 10:00:00', '2026-07-15 18:00:00', 2, 14007, '2026-07-08 10:00:00', 14007, '2026-07-15 18:00:00', 0, 0, '工资条查看记录'),
(47173, 45173, 44007, 24008, '2026-07', '2026-07-09 11:00:00', '2026-07-16 18:10:00', 3, 14008, '2026-07-09 11:00:00', 14008, '2026-07-16 18:10:00', 0, 0, '工资条查看记录'),
(47174, 45174, 44007, 24009, '2026-07', '2026-07-10 12:00:00', '2026-07-17 18:20:00', 4, 14009, '2026-07-10 12:00:00', 14009, '2026-07-17 18:20:00', 0, 0, '工资条查看记录'),
(47175, 45175, 44007, 24010, '2026-07', '2026-07-08 09:00:00', '2026-07-12 18:00:00', 1, 14010, '2026-07-08 09:00:00', 14010, '2026-07-12 18:00:00', 0, 0, '工资条查看记录')
ON DUPLICATE KEY UPDATE `payslip_item_id` = VALUES(`payslip_item_id`), `batch_id` = VALUES(`batch_id`), `employee_id` = VALUES(`employee_id`), `salary_month` = VALUES(`salary_month`), `first_view_time` = VALUES(`first_view_time`), `last_view_time` = VALUES(`last_view_time`), `view_count` = VALUES(`view_count`), `update_by` = VALUES(`update_by`), `update_time` = VALUES(`update_time`), `is_deleted` = VALUES(`is_deleted`), `remark` = VALUES(`remark`);
